scenario_id,line_id,from_bus,to_bus,length_km,p_from_mw,q_from_mvar,p_to_mw,q_to_mvar,loading_percent
0,0,0,3,1.0,-152.37241685159782,184.22677331590967,152.37241685159782,-151.3044234399226,95.63000150462237
0,2,4,5,1.0,-99.9999999999996,-40.00000000000005,106.40742777974562,40.39288569108703,88.57069901156859
0,3,2,5,1.0,299.99999999999955,132.93036854661017,-299.9999999999995,-69.83546557779489,109.37726905935115
0,4,5,6,1.0,193.59257222025306,29.442579886707648,-188.32955072773615,-2.4587293600374522,140.1440477069271
0,5,6,7,1.0,98.32955072773558,-27.54127063996305,-97.2565445745099,24.51311894090038,45.58844103536359
0,6,7,1,1.0,-199.99999999999847,-120.35749567281482,199.99999999999847,161.6991250801101,102.87593075286104
0,7,7,8,1.0,297.2565445744716,95.84437673192308,-258.36064572750246,77.88745452482871,137.9989071241631
0,8,8,3,1.0,158.3606457275368,-112.88745452481712,-152.3724168515905,151.30442343992095,99.45590480124626
2,0,0,3,1.0,-177.2782309988804,170.9923130489235,177.27823099888042,-136.04873027956538,98.52182889728569
2,1,3,4,1.0,-109.91949192395955,99.61598587326937,114.74051141680268,-85.48024247542031,68.89581476264999
2,2,4,5,1.0,-214.74051139305183,45.480242486611075,242.69181564732133,48.272680128001454,176.15739098677156
2,3,2,5,1.0,412.99728771779644,160.8176115805321,-412.99728771779655,-45.710180160492285,147.73439524916154
2,4,5,6,1.0,170.30547204337637,-2.5624999594084983,-166.3728333204972,17.71099880545553,121.11510455176703
2,5,6,7,1.0,76.3728333240314,-47.71099880403171,-75.62691512563589,40.847411467667186,38.86122563783412
2,6,7,1,1.0,-104.46870525120342,-66.53118446170242,104.4687052512034,77.0640453785596,51.926991003864345
2,7,7,8,1.0,180.09562037301112,25.683772996521554,-168.14169151621113,8.780610624160225,76.84533677710913
2,8,8,3,1.0,68.14169151954312,-43.78061062096017,-67.35873906839251,36.43274440571475,36.96610662011126
4,0,0,3,1.0,-114.25213231519736,92.11638591927226,114.25213231519734,-79.7099344222752,58.704655070476186
4,1,3,4,1.0,-72.57585070334916,55.37986381096974,74.30659915774716,-59.60657086995737,42.088487106524994
4,2,4,5,1.0,-174.306599157747,19.60657086995747,189.32275478921218,14.061961979482533,129.43154443762947
4,3,2,5,1.0,305.0751144184941,65.94715574001265,-305.075114418494,-8.859122006447038,104.04051176112591
4,4,5,6,1.0,115.7523596292819,-5.202839973035793,-114.08197198807429,-0.3941506190345194,78.99703185148476
4,5,6,7,1.0,24.081971988074304,-29.60584938096583,-23.982435846954324,16.32391368607714,15.800422227135282
4,6,7,1,1.0,-125.61883201458446,-24.631077968045663,125.61883201458446,35.27116943689212,52.19064490907027
4,7,7,8,1.0,149.60126786153882,8.307164281968944,-141.98454761246543,2.1785277873123032,61.36451613121682
4,8,8,3,1.0,41.984547612465484,-37.178527787312234,-41.676281611848054,24.33007061130472,24.234365637624194
5,0,0,3,1.0,-241.98219363493746,267.4515357773432,241.98219363493746,-192.52216910634655,144.2695843349023
5,1,3,4,1.0,-117.14535492727518,103.87686182906725,123.1015159824075,-82.219950753344,76.20775572983278
5,2,4,5,1.0,-223.10151598239324,42.21995075335077,257.07111634179705,79.6082783507186,194.8180038028293
5,3,2,5,1.0,321.80418058772193,154.73551122609092,-321.80418058772193,-80.01991990630385,119.02427813878627
5,4,5,6,1.0,64.73306424590564,0.4116415555883144,-64.14261541853571,-13.128930146615492,47.81988688851246
5,5,6,7,1.0,-25.857384581462856,-16.871069853384018,25.937200696834545,4.982547772606992,13.53011887341047
5,6,7,1,1.0,-281.99323298709845,-85.49564590010458,281.9932329870984,149.08773009773682,127.59143213630632
5,7,7,8,1.0,256.0560322902472,80.51309812750111,-228.18772604833725,37.112544148087025,117.17133062750098
5,8,8,3,1.0,128.18772604834896,-72.11254414808101,-124.83683870764935,88.64530727727735,74.54375230368848
6,0,0,3,1.0,-179.97933462571888,152.9023334132562,179.97933462571888,-120.777843166868,94.46411759438345
6,1,3,4,1.0,-118.84265072980502,70.35036670137838,122.88969499077939,-61.12248973696292,62.89588467742179
6,2,4,5,1.0,-190.9304669238334,22.684890870798583,210.2656787554983,31.165430153110876,146.85022143126255
6,3,2,5,1.0,299.99999999998784,81.05827045011809,-299.9999999999878,-24.4679907300208,103.58595100385386
6,4,5,6,1.0,89.73432124428045,-6.697439423030573,-88.7117193504395,-4.051992476361946,61.934804848593764
6,5,6,7,1.0,8.826199385198738,-16.165214953767897,-8.810973973048505,2.5057286078710086,7.6832852531396645
6,6,7,1,1.0,-199.99999999999008,-40.895235554213066,199.99999999999008,68.8586845805641,84.60876403036377
6,7,7,8,1.0,208.81097397279248,38.389506946427375,-192.87872516369853,15.854138098105452,88.65633996231713
6,8,8,3,1.0,61.97755791446841,-57.40210036503774,-61.13668389572758,50.42747646547006,38.698786466181176
7,0,0,3,1.0,-248.2882827742134,353.09184129710115,248.28828277421337,-245.77099151905918,172.65962805637818
7,1,3,4,1.0,-120.31464913334634,140.91097350848162,129.60980781411666,-99.53537848385609,94.84337977616222
7,2,4,5,1.0,-229.60980781386695,59.53537848392335,276.69478702872664,123.0617907733334,229.44100887970316
7,3,2,5,1.0,377.3899532910765,237.36501446693737,-377.3899532910766,-120.88853288131024,148.61035067059186
7,4,5,6,1.0,100.69516626199312,-2.173257892009076,-99.16237074458252,-1.1154702101402307,75.54183179396398
7,5,6,7,1.0,9.162370744603683,-28.8845297898569,-9.093584515416822,17.797200020250717,13.839381578976662
7,6,7,1,1.0,-257.77324732848587,-128.13440217563283,257.7732473284859,192.92676761307072,128.78992799122102
7,7,7,8,1.0,266.86683184365694,110.33720215540797,-232.34197385712386,43.10996856980954,130.5056110930452
7,8,8,3,1.0,132.34197385727953,-78.10996856974529,-127.97363364066427,104.86001801053116,84.86932417282252
8,0,0,3,1.0,-144.34915691556006,203.44132034400582,144.34915691556006,-167.59969158689165,99.77979749471905
8,1,3,4,1.0,-139.74547049916765,170.74437439610358,150.7379579509335,-121.92909999210525,103.19141199098634
8,2,4,5,1.0,-250.73795786531474,81.92910001403554,299.9999998964725,107.80577326890675,233.9980067503054
8,3,2,5,1.0,299.99999999460135,179.4073545970772,-299.99999999460135,-107.80577325323185,116.51752318393991
8,5,6,7,1.0,-89.99999999987186,-29.999999999993904,90.84363748134926,23.751638171099675,40.64236436448314
8,6,7,1,1.0,-199.99999999991027,-44.91070387812858,199.99999999991024,73.26560987178392,85.19891979582653
8,7,7,8,1.0,109.15636251809762,21.159065707067743,-104.60819387358424,-24.392536485957343,48.623709607418014
8,8,8,3,1.0,4.608193874628146,-10.607463513865952,-4.603686396425007,-3.14468281478089,5.235259614847295
9,0,0,3,1.0,-221.87641502826244,249.28088480083852,221.87641502826244,-185.1317054308581,133.48863806205014
9,1,3,4,1.0,-121.2210506513635,124.4441690697477,128.4062876891095,-96.12869830645984,83.66430973799402
9,2,4,5,1.0,-228.4062876891002,56.12869830646271,265.9481446957514,82.08675367054971,204.4649680775874
9,3,2,5,1.0,421.6989160080249,207.68028194198948,-421.69891600802487,-78.19709183385882,156.68832306696675
9,4,5,6,1.0,155.75077131226215,-3.8896618366885463,-152.27981072790874,16.066673652739695,113.8383288125331
9,5,6,7,1.0,62.27981072791028,-46.06667365273923,-61.70902671189961,38.37030096633815,34.30737012730825
9,6,7,1,1.0,-160.99582646261706,-94.40547849451465,160.99582646261706,119.53576268080378,80.20818381991913
9,7,7,8,1.0,222.70485317451306,56.03517752817774,-202.61045583506487,21.56194416469078,99.58183945706094
9,8,8,3,1.0,102.61045583506723,-56.56194416468899,-100.6553643768953,60.687536361110034,57.2636457163481
10,0,0,3,1.0,-216.18801644042964,215.56327275692638,216.1880164404296,-161.87731774079066,122.11783359632511
10,1,3,4,1.0,-115.41675781151321,102.6270284987714,120.88228737047444,-84.36452566699906,73.14925169343196
10,2,4,5,1.0,-220.8822868267457,44.36452594552011,252.04811654964274,64.19725536866963,186.32819538497597
10,3,2,5,1.0,372.8594467114118,154.58484825797834,-372.85944671141175,-59.113351862629344,134.54476426201026
10,4,5,6,1.0,120.81132948848418,-5.083903345869537,-118.82360318838637,3.8444828641196693,86.18921961726213
10,5,6,7,1.0,28.823603237838743,-33.844482850688536,-28.665975299618065,22.17396211537539,19.230275321758537
10,6,7,1,1.0,-193.1017012066887,-72.52301852755846,193.1017012066887,102.37911201929367,87.42516762285403
10,7,7,8,1.0,221.767676213619,50.34905651381993,-202.62777129862997,21.55120247189616,97.14974565756526
10,8,8,3,1.0,102.62777148748076,-56.551202312277375,-100.77125829698333,59.25028919712045,55.8654411098599
11,0,0,3,1.0,27.32793476396065,23.989705067265277,-27.32793476396065,-23.228047613882943,14.545498094889137
11,1,3,4,1.0,7.023015534114446,15.72143780261752,-6.918654780213183,-30.17208574212665,12.85423823122667
11,2,4,5,1.0,-93.08134521265396,-9.827914246671442,96.74230660872207,-8.830352995431124,64.77865398271521
11,3,2,5,1.0,161.62980282274262,2.547282304727055,-161.62980282274262,12.765297234560897,53.88329137812381
11,4,5,6,1.0,64.8874962126073,-3.9349442388601474,-64.38432445276436,-12.573606811443145,44.14080972911437
11,5,6,7,1.0,-25.61567554686599,-17.426393188423532,25.681348618501175,3.2122822887297247,12.507880057786943
11,6,7,1,1.0,-107.61023363479545,4.39240994401138,107.61023363479545,2.850143619480443,43.059188476489965
11,7,7,8,1.0,81.92888501589383,-7.604692232682721,-79.76399989350554,-11.229537934739456,33.19853729873131
11,8,8,3,1.0,-20.236000103463276,-23.77046206203616,20.304919225071107,7.506609812659898,12.866129983148344
12,0,0,3,1.0,-152.37241685159782,184.22677331590967,152.37241685159782,-151.3044234399226,95.63000150462237
12,2,4,5,1.0,-99.9999999999996,-40.00000000000005,106.40742777974562,40.39288569108703,88.57069901156859
12,3,2,5,1.0,299.99999999999955,132.93036854661017,-299.9999999999995,-69.83546557779489,109.37726905935115
12,4,5,6,1.0,193.59257222025306,29.442579886707648,-188.32955072773615,-2.4587293600374522,140.1440477069271
12,5,6,7,1.0,98.32955072773558,-27.54127063996305,-97.2565445745099,24.51311894090038,45.58844103536359
12,6,7,1,1.0,-199.99999999999847,-120.35749567281482,199.99999999999847,161.6991250801101,102.87593075286104
12,7,7,8,1.0,297.2565445744716,95.84437673192308,-258.36064572750246,77.88745452482871,137.9989071241631
12,8,8,3,1.0,158.3606457275368,-112.88745452481712,-152.3724168515905,151.30442343992095,99.45590480124626
13,0,0,3,1.0,4.054380777482477,53.575831803531855,-4.054380777482476,-51.913030535540656,21.491608620777072
13,1,3,4,1.0,-33.26883522917755,37.07209372686611,33.827459373863704,-48.35426394696746,25.284390917499273
13,2,4,5,1.0,-133.82745937386375,8.354263946967265,142.09839238188968,-5.06876163039653,96.7969342734543
13,3,2,5,1.0,300.0000000000003,62.48515481827155,-300.0000000000002,-7.457179598690743,102.14607980331223
13,4,5,6,1.0,157.90160761811052,12.525941229087621,-154.74470170348286,-5.246349939266672,108.60658133139624
13,5,6,7,1.0,64.74470170348296,-24.75365006073371,-64.31968258773122,14.763585558497109,29.172366227323902
13,7,7,8,1.0,64.31968258773121,-14.763585558497002,-62.88194175853156,-5.7704417504844,27.507485849456508
13,8,8,3,1.0,-37.11805824146847,-29.22955824951566,37.32321600666007,14.84093680867488,19.987143189448464
14,0,0,3,1.0,-138.05300174274677,138.16112344516432,138.05300174274677,-116.18837810780016,78.12515837737529
14,1,3,4,1.0,-83.53073684692623,64.37172182816028,85.92780791890362,-64.17270147789051,49.098600842727805
14,2,4,5,1.0,-187.56936557974694,22.772587678691004,206.22160626510396,28.197215203267177,144.1702739321297
14,3,2,5,1.0,299.99999999999227,87.21947594146492,-299.99999999999227,-30.02163506913439,104.140523110468
14,4,5,6,1.0,93.7783937347516,1.8244198659101016,-92.63759215389487,-11.251769479551314,65.7400028468348
14,5,6,7,1.0,-8.76026792880852,-26.645951883611936,8.805418606321165,13.457164678186043,11.855824097612343
14,6,7,1,1.0,-199.999999999995,-44.95090032013506,199.999999999995,73.30986005878276,85.20500978870741
14,7,7,8,1.0,191.19458139355987,31.493735641988977,-177.8427595954863,9.74603334104102,81.23661486641187
14,8,8,3,1.0,55.28295139897038,-59.629782487084846,-54.52226489575782,51.81665627963297,37.08754825307728
15,0,0,3,1.0,-95.61721860918601,130.34715383368666,95.617218609186,-115.29452682159726,64.66285859081621
15,1,3,4,1.0,-58.39511078831034,65.65907182886897,60.10949230906479,-69.11928276735475,42.198826454713156
15,2,4,5,1.0,-187.05201897963207,21.32162177180198,205.7789778826688,30.211663398077675,144.54983339661408
15,3,2,5,1.0,299.999999999988,90.63746580134631,-299.999999999988,-33.083387780112844,104.46432150467085
15,4,5,6,1.0,94.22102211709877,2.871724382102528,-93.06175534767688,-12.04264483268172,66.31997326960492
15,5,6,7,1.0,-12.03266116294687,-29.358077593422973,12.09584420839155,16.373535153829764,13.45439812274025
15,6,7,1,1.0,-199.99999999999352,-45.81786855196432,199.99999999999352,74.26491726191185,85.33723964217778
15,7,7,8,1.0,187.9041557914681,29.444333398182692,-175.03127603359792,9.34826309294937,79.76045146293563
15,8,8,3,1.0,37.76446829551476,-59.38007773948404,-37.22210782085265,49.63545499273133,32.02213213616328
16,0,0,3,1.0,-129.9248983894642,129.3853701596463,129.9248983894642,-110.01964349751819,73.34417848239724
16,1,3,4,1.0,-72.11695963130934,67.13719880974922,74.22083059742566,-68.5771442419161,46.323578504438565
16,2,4,5,1.0,-187.81092016702084,22.233506655931258,206.53721400649772,29.08185018291546,144.49332353915912
16,3,2,5,1.0,299.9999999999958,86.56814179789627,-299.9999999999958,-29.43663249773411,104.08012040642123
16,4,5,6,1.0,93.46278599341233,0.3547823148446909,-92.33445808549662,-9.933391298500347,65.2896474809563
16,5,6,7,1.0,-11.889528473100711,-28.26399899975436,11.946851789558835,15.102506391145747,12.934406635565082
16,6,7,1,1.0,-199.99999999999773,-39.96235698170064,199.99999999999773,67.83865929067254,84.47682162047008
16,7,7,8,1.0,188.05314821039855,24.8598505905708,-175.3937953225725,12.432444647279421,78.98804149888332
16,8,8,3,1.0,58.491021234127174,-51.6400093735968,-57.807938758131826,42.88244468776797,35.05033870425156
17,0,0,3,1.0,-222.69687363672656,216.05619983222095,222.69687363672656,-160.6022727204376,124.11232268458221
17,1,3,4,1.0,-110.15664092351615,89.58329832070311,114.78225569407374,-76.01459372387515,67.37219982427534
17,2,4,5,1.0,-214.78225544112792,36.014593887682196,243.05475336693104,59.279906269071844,177.62657010087565
17,3,2,5,1.0,314.6680869596636,124.83027220940146,-314.6680869596636,-57.67549154831505,112.8413841592237
17,4,5,6,1.0,71.6133332550178,-1.604414636977765,-70.92200172976884,-10.926007580889745,51.394974642573544
17,5,6,7,1.0,-19.077998250552202,-19.073992417443808,19.12932854257713,6.437328229602068,11.593102635839807
17,6,7,1,1.0,-256.1794613082668,-64.90951588058891,256.1794613082668,114.05768595685544,112.1692094093744
17,7,7,8,1.0,237.0501324995405,58.47218772676618,-214.93284607150437,28.650113012800574,104.3671646227826
17,8,8,3,1.0,114.93284625021215,-63.65011288208957,-112.54023247157014,71.01897436637002,63.23656818856173
18,0,0,3,1.0,-95.46903735441235,108.46071316521966,95.46903735441234,-96.43494865045639,57.796973476037294
18,1,3,4,1.0,-67.3847218791905,66.37077747381247,69.29663371154084,-69.1519625092048,44.34496473788155
18,2,4,5,1.0,-182.8008186280335,20.673528175916164,200.11317922454413,24.01223885619416,138.88556861949021
18,3,2,5,1.0,299.9999999999992,79.70794809899182,-299.9999999999992,-23.244880902763242,103.46945710914419
18,4,5,6,1.0,99.88682077544183,-0.7673579534272008,-98.61290607210123,-7.757048084885856,69.17950299578551
18,5,6,7,1.0,-9.345360690960794,-28.73039424591049,9.39864359769333,15.392572396729134,12.677582139548981
18,6,7,1,1.0,-199.99999999999966,-32.60657642424827,199.99999999999972,59.84496372638056,83.50465345922818
18,7,7,8,1.0,190.6013564023012,17.214004027521298,-177.9234110953769,19.53138332226741,78.86318968851518
18,8,8,3,1.0,28.335965653607634,-42.94777324802239,-28.08431547522104,30.064171176644393,22.65739261366085
19,0,0,3,1.0,4.054380777482477,53.575831803531855,-4.054380777482476,-51.913030535540656,21.491608620777072
19,1,3,4,1.0,-33.26883522917755,37.07209372686611,33.827459373863704,-48.35426394696746,25.284390917499273
19,2,4,5,1.0,-133.82745937386375,8.354263946967265,142.09839238188968,-5.06876163039653,96.7969342734543
19,3,2,5,1.0,300.0000000000003,62.48515481827155,-300.0000000000002,-7.457179598690743,102.14607980331223
19,4,5,6,1.0,157.90160761811052,12.525941229087621,-154.74470170348286,-5.246349939266672,108.60658133139624
19,5,6,7,1.0,64.74470170348296,-24.75365006073371,-64.31968258773122,14.763585558497109,29.172366227323902
19,7,7,8,1.0,64.31968258773121,-14.763585558497002,-62.88194175853156,-5.7704417504844,27.507485849456508
19,8,8,3,1.0,-37.11805824146847,-29.22955824951566,37.32321600666007,14.84093680867488,19.987143189448464
20,0,0,3,1.0,-201.94527423444404,184.94986220683154,201.945274234444,-141.75657530484386,109.53599979254301
20,1,3,4,1.0,-107.62912140683311,88.18993588729106,111.92904044887545,-76.8353364565523,65.07125004994235
20,2,4,5,1.0,-211.92904043006774,36.835336468149805,238.44006270171388,50.1315256361939,171.83340230611623
20,3,2,5,1.0,344.6974183241921,123.81889980538523,-344.6974183241922,-45.20850573843512,122.0871410775364
20,4,5,6,1.0,106.25735559994047,-4.923019891686835,-104.76339297386806,-1.0283448554600625,74.71073970691135
20,5,6,7,1.0,14.763392975395792,-28.971655144172008,-14.693755633985994,16.231374430112847,13.868663389659577
20,6,7,1,1.0,-198.18695179266393,-57.57469698565848,198.18695179266393,86.83633227562781,86.55043982691285
20,7,7,8,1.0,212.88070741589954,41.343322559462166,-195.8659252119049,19.039218550697157,91.57785139328827
20,8,8,3,1.0,95.8659252189619,-54.03921854428798,-94.3161528158069,53.56663941615294,51.21187318807925
21,0,0,3,1.0,4.054380777482477,53.575831803531855,-4.054380777482476,-51.913030535540656,21.491608620777072
21,1,3,4,1.0,-33.26883522917755,37.07209372686611,33.827459373863704,-48.35426394696746,25.284390917499273
21,2,4,5,1.0,-133.82745937386375,8.354263946967265,142.09839238188968,-5.06876163039653,96.7969342734543
21,3,2,5,1.0,300.0000000000003,62.48515481827155,-300.0000000000002,-7.457179598690743,102.14607980331223
21,4,5,6,1.0,157.90160761811052,12.525941229087621,-154.74470170348286,-5.246349939266672,108.60658133139624
21,5,6,7,1.0,64.74470170348296,-24.75365006073371,-64.31968258773122,14.763585558497109,29.172366227323902
21,7,7,8,1.0,64.31968258773121,-14.763585558497002,-62.88194175853156,-5.7704417504844,27.507485849456508
21,8,8,3,1.0,-37.11805824146847,-29.22955824951566,37.32321600666007,14.84093680867488,19.987143189448464
22,0,0,3,1.0,-144.34915691556006,203.44132034400582,144.34915691556006,-167.59969158689165,99.77979749471905
22,1,3,4,1.0,-139.74547049916765,170.74437439610358,150.7379579509335,-121.92909999210525,103.19141199098634
22,2,4,5,1.0,-250.73795786531474,81.92910001403554,299.9999998964725,107.80577326890675,233.9980067503054
22,3,2,5,1.0,299.99999999460135,179.4073545970772,-299.99999999460135,-107.80577325323185,116.51752318393991
22,5,6,7,1.0,-89.99999999987186,-29.999999999993904,90.84363748134926,23.751638171099675,40.64236436448314
22,6,7,1,1.0,-199.99999999991027,-44.91070387812858,199.99999999991024,73.26560987178392,85.19891979582653
22,7,7,8,1.0,109.15636251809762,21.159065707067743,-104.60819387358424,-24.392536485957343,48.623709607418014
22,8,8,3,1.0,4.608193874628146,-10.607463513865952,-4.603686396425007,-3.14468281478089,5.235259614847295
23,0,0,3,1.0,-142.57808392400528,208.1985180576362,142.57808392400528,-171.52164148601835,100.93572841117127
23,1,3,4,1.0,-142.57808391629013,171.5216414838506,153.8718528029589,-121.00605461646992,104.54535578301471
23,2,4,5,1.0,-253.87185277499083,81.00605462543048,304.44453807565344,114.2923196519095,237.2001508712764
23,3,2,5,1.0,299.9999999986944,167.82105138500867,-299.9999999986944,-98.57700288671748,114.58325710891239
23,4,5,6,1.0,-4.444538110322631,-15.715316760905795,4.45403083247363,-1.9987968641540905,11.852161849216113
23,5,6,7,1.0,-94.45403083211087,-28.001203135822145,95.38308713012032,22.67855918223963,42.51986644421199
23,6,7,1,1.0,-199.9999999999286,-55.751271384425664,199.99999999992863,85.29868771286876,86.972056317425
23,7,7,8,1.0,104.61691286959982,33.07271220221689,-99.9999999998449,-34.99999999998833,49.52157901860159
24,0,0,3,1.0,-197.5372740248093,148.37148892821642,197.5372740248093,-113.21528667520163,98.82110977391642
24,1,3,4,1.0,-132.74658330675754,72.05643082827527,137.51551567109266,-59.0730349376861,68.0442052210869
24,2,4,5,1.0,-192.7535442251374,29.018603008427483,212.39861424394735,26.076719892332775,147.78338409682135
24,3,2,5,1.0,299.9999999999957,86.68165396288182,-299.9999999999957,-29.53862041051127,104.09061711035797
24,4,5,6,1.0,87.60138575597036,3.461900518200949,-86.59918957670345,-14.044016478383917,61.888094968421505
24,5,6,7,1.0,15.860083552795146,-29.57861712240853,-15.786125071871126,16.668482577473796,14.205640021036173
24,6,7,1,1.0,-199.99999999999645,-46.627877846527724,199.99999999999642,75.15836526482761,85.46230033812968
24,7,7,8,1.0,215.78612507178642,29.959395269085505,-198.98469960201405,28.422750614786253,90.73115887078907
24,8,8,3,1.0,65.56342048781151,-48.97508392867192,-64.79069071798477,41.15885584691938,36.93983863156024
25,0,0,3,1.0,4.054380777482477,53.575831803531855,-4.054380777482476,-51.913030535540656,21.491608620777072
25,1,3,4,1.0,-33.26883522917755,37.07209372686611,33.827459373863704,-48.35426394696746,25.284390917499273
25,2,4,5,1.0,-133.82745937386375,8.354263946967265,142.09839238188968,-5.06876163039653,96.7969342734543
25,3,2,5,1.0,300.0000000000003,62.48515481827155,-300.0000000000002,-7.457179598690743,102.14607980331223
25,4,5,6,1.0,157.90160761811052,12.525941229087621,-154.74470170348286,-5.246349939266672,108.60658133139624
25,5,6,7,1.0,64.74470170348296,-24.75365006073371,-64.31968258773122,14.763585558497109,29.172366227323902
25,7,7,8,1.0,64.31968258773121,-14.763585558497002,-62.88194175853156,-5.7704417504844,27.507485849456508
25,8,8,3,1.0,-37.11805824146847,-29.22955824951566,37.32321600666007,14.84093680867488,19.987143189448464
26,0,0,3,1.0,-197.06503336622052,166.04493357472234,197.0650333662205,-127.7953383060393,103.07709529587086
26,1,3,4,1.0,-77.56121065502776,66.81898931868291,79.89417991355953,-66.55587238507447,48.54542725732009
26,2,4,5,1.0,-211.86328133401557,37.61799286605166,237.07804845900264,42.62198549042988,167.42667953530463
26,3,2,5,1.0,299.9999999998903,94.27787960083648,-299.9999999998903,-36.329324911805585,104.82171031590424
26,4,5,6,1.0,62.92195153869576,-6.292660577956159,-62.41030964351664,-8.49289367705489,44.111270518973285
26,5,6,7,1.0,2.0970868676702885,-20.603417854409564,-2.0786739478527134,7.110956741541474,8.702367071885375
26,6,7,1,1.0,-199.99999999995003,-45.12795574597524,199.99999999995003,73.50480331494305,85.23187770814201
26,7,7,8,1.0,202.07867394677584,38.016999004763775,-187.0235877885442,12.007777263164414,86.25813011545306
26,8,8,3,1.0,121.7842096105211,-55.549973167344625,-119.5038227101307,60.97634898731373,61.60916921900257
28,0,0,3,1.0,4.054380777482477,53.575831803531855,-4.054380777482476,-51.913030535540656,21.491608620777072
28,1,3,4,1.0,-33.26883522917755,37.07209372686611,33.827459373863704,-48.35426394696746,25.284390917499273
28,2,4,5,1.0,-133.82745937386375,8.354263946967265,142.09839238188968,-5.06876163039653,96.7969342734543
28,3,2,5,1.0,300.0000000000003,62.48515481827155,-300.0000000000002,-7.457179598690743,102.14607980331223
28,4,5,6,1.0,157.90160761811052,12.525941229087621,-154.74470170348286,-5.246349939266672,108.60658133139624
28,5,6,7,1.0,64.74470170348296,-24.75365006073371,-64.31968258773122,14.763585558497109,29.172366227323902
28,7,7,8,1.0,64.31968258773121,-14.763585558497002,-62.88194175853156,-5.7704417504844,27.507485849456508
28,8,8,3,1.0,-37.11805824146847,-29.22955824951566,37.32321600666007,14.84093680867488,19.987143189448464
30,0,0,3,1.0,94.76243914387047,17.999019631760348,-94.76243914387045,-12.639982113565004,38.582658446924334
30,1,3,4,1.0,70.28402576456924,3.5587430031172778,-69.40699269722546,-14.015960338846302,29.17991375100338
30,2,4,5,1.0,-30.59300729585589,-25.984039653193605,31.01486361919388,-6.946901007066467,27.5684143028711
30,4,5,6,1.0,-31.01486361815316,6.946901007177365,31.165315385133535,-26.303007019144836,27.549390877444225
30,5,6,7,1.0,-121.16531538396136,-3.696992979597148,122.4477393702558,-0.12572538967442437,49.13389351602136
30,6,7,1,1.0,-199.9999999995399,10.418071666419303,199.9999999995399,14.717302707836993,80.21630657048189
30,7,7,8,1.0,77.55226062685124,-10.292346276395289,-75.61456771367459,-9.72197454201586,31.335028716390035
30,8,8,3,1.0,-24.385432282880064,-25.278025454906313,24.47841337252209,9.081239112109703,14.42936324555352
31,0,0,3,1.0,-152.37241685159782,184.22677331590967,152.37241685159782,-151.3044234399226,95.63000150462237
31,2,4,5,1.0,-99.9999999999996,-40.00000000000005,106.40742777974562,40.39288569108703,88.57069901156859
31,3,2,5,1.0,299.99999999999955,132.93036854661017,-299.9999999999995,-69.83546557779489,109.37726905935115
31,4,5,6,1.0,193.59257222025306,29.442579886707648,-188.32955072773615,-2.4587293600374522,140.1440477069271
31,5,6,7,1.0,98.32955072773558,-27.54127063996305,-97.2565445745099,24.51311894090038,45.58844103536359
31,6,7,1,1.0,-199.99999999999847,-120.35749567281482,199.99999999999847,161.6991250801101,102.87593075286104
31,7,7,8,1.0,297.2565445744716,95.84437673192308,-258.36064572750246,77.88745452482871,137.9989071241631
31,8,8,3,1.0,158.3606457275368,-112.88745452481712,-152.3724168515905,151.30442343992095,99.45590480124626
32,0,0,3,1.0,-171.14231996612935,143.78203842764742,171.14231996612935,-115.00336871115547,89.40959076770044
32,1,3,4,1.0,-86.57406811941605,70.7040722640277,89.26907529368987,-68.78086105558222,51.98892498814354
32,2,4,5,1.0,-189.2690752932591,28.780861055858146,208.77815871530828,26.548860968223465,147.24418824839373
32,3,2,5,1.0,299.9999999999694,108.32044540473518,-299.9999999999694,-48.70472053363534,106.31886991115185
32,4,5,6,1.0,91.2218412841821,22.155859565596817,-89.99999999994833,-29.999999999992554,69.29358500099163
32,6,7,1,1.0,-199.99999999999727,-31.425055293922966,199.99999999999727,58.56901094591123,83.35977835208601
32,7,7,8,1.0,199.99999999993568,31.42505529393665,-185.72388510688077,13.90154106198711,83.90751437857203
32,8,8,3,1.0,85.72388510691566,-48.901541061947476,-84.56825184657086,44.299296447109036,44.46293803824073
33,0,0,3,1.0,-90.83696896606027,122.75612054496833,90.83696896606027,-109.32355858914585,61.084099485468734
33,1,3,4,1.0,-64.32047011288934,67.24738601526586,66.20952520769117,-69.88476543180992,44.1247999031805
33,2,4,5,1.0,-176.97196470900747,14.757437084705153,193.42278943896844,26.64637093804314,135.66177674327153
33,3,2,5,1.0,299.99999999999625,87.1062853044367,-299.9999999999963,-29.920007409868745,104.1299961797399
33,4,5,6,1.0,106.57721056096052,3.273636471844668,-105.10439016948565,-9.858869355098847,74.49151990847842
33,5,6,7,1.0,-19.15775661379609,-30.27566953940171,19.245862715783485,17.440670243932807,15.168963617595763
33,6,7,1,1.0,-199.99999999999812,-41.655227074574945,199.99999999999812,69.69072532201756,84.71769326029373
33,7,7,8,1.0,180.7541372841772,24.21455683065674,-169.00860886979524,8.560651650906214,76.1660624488068
33,8,8,3,1.0,26.882782423577552,-53.536801832919686,-26.516498853161032,42.07617257388013,26.963441476710464
34,0,0,3,1.0,-168.74308171750582,134.02616758132513,168.74308171750582,-107.27831663626755,86.19720758730669
34,1,3,4,1.0,-77.68608043779821,54.04034882051703,79.60856466429048,-56.642711982625556,44.09928909569741
34,2,4,5,1.0,-179.60856466427109,16.64271198264423,196.0959329666183,24.16775448841004,135.69222309880888
34,3,2,5,1.0,229.69493535154027,59.421441812522886,-229.69493535154027,-26.435108563611678,79.0855170567674
34,4,5,6,1.0,33.59900238489809,2.2673540752091608,-33.43892263847922,-20.433940417489637,27.259859856070072
34,5,6,7,1.0,-56.56107736151875,-9.566059582510057,56.857820793622466,-1.7205061091789595,23.942111826831617
34,6,7,1,1.0,-264.82652549509703,-29.150333004313325,264.82652549509703,76.65611318868989,110.27909923099783
34,7,7,8,1.0,207.96870470144682,30.87083911350122,-192.44953353216167,20.895428220651475,87.33751253443629
34,8,8,3,1.0,92.44953353218466,-55.89542822063285,-91.05700127968903,53.23796781574907,48.741295025713164
35,0,0,3,1.0,-118.04036401507926,88.59496327926308,118.04036401507928,-76.04818852742966,59.03571130123344
35,1,3,4,1.0,-58.018960170845766,42.134367129289686,59.1073674806084,-50.029479828559,33.800471236225
35,2,4,5,1.0,-159.1073674806083,10.029479828559186,171.15516067646794,10.042952016276232,115.97631580661954
35,3,2,5,1.0,223.15324878150187,38.331928427314836,-223.15324878150184,-8.289636848599159,75.4738432826563
35,4,5,6,1.0,51.998088105033894,-1.7533151676772647,-51.658643023394916,-15.424577098409305,36.94750959385651
35,5,6,7,1.0,-38.34135697660494,-14.575422901591487,38.47849206320301,1.501765351571514,16.866565861887015
35,6,7,1,1.0,-208.9876279007583,-14.192425859337163,208.98762790075827,42.62539651142596,85.31612090885665
35,7,7,8,1.0,170.50913583755494,12.690660507766474,-160.6131677368569,9.332010664642716,69.78858564012333
35,8,8,3,1.0,60.61316773685703,-44.33201066464319,-60.021403844233625,33.913821398139305,32.57492122228646
36,0,0,3,1.0,-144.34915691556006,203.44132034400582,144.34915691556006,-167.59969158689165,99.77979749471905
36,1,3,4,1.0,-139.74547049916765,170.74437439610358,150.7379579509335,-121.92909999210525,103.19141199098634
36,2,4,5,1.0,-250.73795786531474,81.92910001403554,299.9999998964725,107.80577326890675,233.9980067503054
36,3,2,5,1.0,299.99999999460135,179.4073545970772,-299.99999999460135,-107.80577325323185,116.51752318393991
36,5,6,7,1.0,-89.99999999987186,-29.999999999993904,90.84363748134926,23.751638171099675,40.64236436448314
36,6,7,1,1.0,-199.99999999991027,-44.91070387812858,199.99999999991024,73.26560987178392,85.19891979582653
36,7,7,8,1.0,109.15636251809762,21.159065707067743,-104.60819387358424,-24.392536485957343,48.623709607418014
36,8,8,3,1.0,4.608193874628146,-10.607463513865952,-4.603686396425007,-3.14468281478089,5.235259614847295
37,0,0,3,1.0,-100.90847792985846,77.2276098301711,100.90847792985845,-67.92715403856681,50.827747757620244
37,1,3,4,1.0,-53.34635572802861,40.149669254570384,54.29089395929118,-49.009885400625805,31.69170968030679
37,2,4,5,1.0,-154.29089395929122,9.009885400625794,165.45479283628825,6.908407268319962,111.68403823826642
37,3,2,5,1.0,230.32164394646378,35.42811794426339,-230.32164394646378,-3.6064361744566753,77.67683138868314
37,4,5,6,1.0,64.86685111017562,-3.3019710938637346,-64.34859881393366,-12.470057763967109,44.77944925306867
37,5,6,7,1.0,-25.651401186066327,-17.529942236033236,25.719856603827594,3.7737448658060853,12.735474761178098
37,6,7,1,1.0,-181.86620907765857,-11.677336754384577,181.86620907765857,33.031328417707755,73.93660707532277
37,7,7,8,1.0,156.1463524738311,7.903591888577267,-147.9491606196711,5.18860293385708,63.56641661621577
37,8,8,3,1.0,47.94916061967125,-40.18860293385711,-47.56212220182987,27.77748478399631,26.864104182543
38,0,0,3,1.0,94.76243914387047,17.999019631760348,-94.76243914387045,-12.639982113565004,38.582658446924334
38,1,3,4,1.0,70.28402576456924,3.5587430031172778,-69.40699269722546,-14.015960338846302,29.17991375100338
38,2,4,5,1.0,-30.59300729585589,-25.984039653193605,31.01486361919388,-6.946901007066467,27.5684143028711
38,4,5,6,1.0,-31.01486361815316,6.946901007177365,31.165315385133535,-26.303007019144836,27.549390877444225
38,5,6,7,1.0,-121.16531538396136,-3.696992979597148,122.4477393702558,-0.12572538967442437,49.13389351602136
38,6,7,1,1.0,-199.9999999995399,10.418071666419303,199.9999999995399,14.717302707836993,80.21630657048189
38,7,7,8,1.0,77.55226062685124,-10.292346276395289,-75.61456771367459,-9.72197454201586,31.335028716390035
38,8,8,3,1.0,-24.385432282880064,-25.278025454906313,24.47841337252209,9.081239112109703,14.42936324555352
39,0,0,3,1.0,-139.62536607383652,112.50136925706806,139.6253660738365,-93.98193191795046,71.72369308502473
39,1,3,4,1.0,-83.24311529589696,63.3860524008098,85.53496181780295,-64.19821223830174,48.07722112638866
39,2,4,5,1.0,-185.53496181779852,24.19821223830474,203.21677702988998,21.808349014821218,140.24551466856596
39,3,2,5,1.0,317.48172746971744,79.22836996351892,-317.4817274697175,-16.484305779358863,109.07274936391467
39,4,5,6,1.0,114.2649504398236,-5.324043235462028,-112.61630842200802,-0.20807911401099233,78.49226293452098
39,5,6,7,1.0,22.616308422008274,-29.791920885988823,-22.520688026206287,16.644804867791773,15.582970950522624
39,6,7,1,1.0,-144.00746291802938,-31.585818454869635,144.00746291802938,45.86172282788816,60.45354844417903
39,7,7,8,1.0,166.52815094423482,14.94101358707821,-156.90997806798597,6.176497616099095,68.9037094610812
39,8,8,3,1.0,56.90997806798693,-41.1764976160982,-56.382250777938445,30.595879517140848,30.822395856157055
40,0,0,3,1.0,-212.31926513406268,164.3766493023477,212.31926513406268,-122.8475370689769,107.40514191261761
40,1,3,4,1.0,-119.53712716271312,77.46318994743972,123.88706231939668,-66.38456692887206,65.22620754179643
40,2,4,5,1.0,-198.23289310226548,28.143244001123513,219.7628261926438,35.85641604838631,154.86106269663753
40,3,2,5,1.0,299.9999999999685,93.25807272344159,-299.9999999999685,-35.42159080039153,104.72029842928674
40,4,5,6,1.0,80.23717380674327,-0.4348252478313128,-79.39761127453592,-11.459600897274072,56.556787903840835
40,5,6,7,1.0,11.29174071989011,-27.71140817715517,-11.237498855252957,14.633808942668358,12.658033003219263
40,6,7,1,1.0,-199.9999999999814,-47.382336543742454,199.99999999998136,75.99153214204773,85.58010325517294
40,7,7,8,1.0,211.23749885484972,32.74852760122029,-195.0040081539927,22.971848601062106,89.30456434870312
40,8,8,3,1.0,94.14678899705072,-47.93549361623798,-92.7821379708642,45.38434712148265,48.0504355066829
41,0,0,3,1.0,-198.0358862278975,207.3459247417445,198.03588622789746,-159.9926509708836,114.68952506036597
41,1,3,4,1.0,-117.21996628215958,115.01023536164766,123.35214360845606,-93.08321738514351,77.46235818300009
41,2,4,5,1.0,-223.352143608456,53.08321738514354,256.452678591211,64.58932212857033,191.79707158839395
41,3,2,5,1.0,431.6130077849203,193.60929938430476,-431.61300778492034,-62.47753069612966,157.6826451724486
41,4,5,6,1.0,175.16032919370892,-2.1117914324404694,-170.85821432736398,20.978689765898565,126.67289000022662
41,5,6,7,1.0,80.85821432736428,-50.97868976589905,-79.98522159261144,45.56078570022184,41.92167163436446
41,6,7,1,1.0,-116.88513104069344,-82.41795509147855,116.88513104069342,96.81500442967766,60.70951021527789
41,7,7,8,1.0,196.87035263330478,36.85716939125636,-181.98623883411528,13.351718357976942,85.72943946957169
41,8,8,3,1.0,81.98623883411523,-48.35171835797657,-80.81591994573796,44.98241560923574,44.717860612574924
42,0,0,3,1.0,-129.88863247156905,93.95058329280346,129.88863247156905,-79.14866837968147,64.12209472110784
42,1,3,4,1.0,-90.34975806775478,50.981557791865505,92.52844028915248,-52.90254671776237,46.646765420302714
42,2,4,5,1.0,-177.6399694756031,24.584864606093028,193.10253081319894,10.678004956728117,131.58470116525868
42,3,2,5,1.0,300.0000000000001,61.538887219647094,-300.0000000000001,-6.579684920470868,102.08222973021455
42,4,5,6,1.0,106.89746918680109,-4.098320036257242,-105.47674522424865,-3.670679952835883,72.7848223064136
42,5,6,7,1.0,-15.755917490726432,-21.09136149304345,15.796626397496775,7.331666940445725,10.89070108281545
42,6,7,1,1.0,-200.00000000000006,-20.22360813662595,200.00000000000009,46.57964788479569,82.1410139670273
42,7,7,8,1.0,184.20337360250332,12.891941196180156,-172.61887877753338,17.73887333087699,75.45354773507073
42,8,8,3,1.0,39.85719117123287,-40.85681222047039,-39.53887440381419,28.167110587815866,24.775752444395057
43,0,0,3,1.0,-231.69674420099707,241.04265748857006,231.69674420099707,-176.6545297431333,133.73702195128652
43,1,3,4,1.0,-116.29498385784063,102.04411983647297,121.93576319938708,-82.48746242219133,74.23755286637082
43,2,4,5,1.0,-221.935763199387,42.487462422191726,254.2572646990522,71.53580487728277,189.9157648253567
43,3,2,5,1.0,342.29704798846285,150.46312073594436,-342.2970479884628,-68.5365587547002,124.63565557398479
43,4,5,6,1.0,88.03978328940991,-2.9992461225831164,-86.97651909945222,-5.960619581106506,63.12953183958632
43,5,6,7,1.0,-3.02348090054776,-24.039380418893582,3.0559032585452783,11.489292531606335,10.526783493250367
43,6,7,1,1.0,-244.7779743525598,-77.36157192360479,244.7779743525598,124.49631518837005,109.8475956759171
43,7,7,8,1.0,241.72207109401444,65.87227939199823,-218.0256713237829,29.828817897464916,108.06158743885241
43,8,8,3,1.0,118.02567132378293,-64.82881789746493,-115.40176034315631,74.61040990665974,66.12559553185733
44,0,0,3,1.0,4.054380777482477,53.575831803531855,-4.054380777482476,-51.913030535540656,21.491608620777072
44,1,3,4,1.0,-33.26883522917755,37.07209372686611,33.827459373863704,-48.35426394696746,25.284390917499273
44,2,4,5,1.0,-133.82745937386375,8.354263946967265,142.09839238188968,-5.06876163039653,96.7969342734543
44,3,2,5,1.0,300.0000000000003,62.48515481827155,-300.0000000000002,-7.457179598690743,102.14607980331223
44,4,5,6,1.0,157.90160761811052,12.525941229087621,-154.74470170348286,-5.246349939266672,108.60658133139624
44,5,6,7,1.0,64.74470170348296,-24.75365006073371,-64.31968258773122,14.763585558497109,29.172366227323902
44,7,7,8,1.0,64.31968258773121,-14.763585558497002,-62.88194175853156,-5.7704417504844,27.507485849456508
44,8,8,3,1.0,-37.11805824146847,-29.22955824951566,37.32321600666007,14.84093680867488,19.987143189448464
45,0,0,3,1.0,-223.52909600841238,181.8175068116161,223.52909600841235,-133.99633798539077,115.25475264510641
45,1,3,4,1.0,-110.67689083196268,90.01057485858583,115.15635045971472,-77.77177928491099,66.37444100053088
45,2,4,5,1.0,-197.26340850629398,22.178238098782458,219.57486774087104,46.215539720481345,158.0298054576079
45,3,2,5,1.0,299.99999999969145,105.49329579886047,-299.9999999996915,-46.2317982202845,106.00253427699988
45,4,5,6,1.0,80.4251322529517,0.01625850125832784,-79.56842140341512,-11.477735632643025,57.127624193237146
45,5,6,7,1.0,4.827139567580852,-32.56210053935594,-4.759578523643688,19.744346431265452,14.035163018154325
45,6,7,1,1.0,-199.9999999998639,-51.71421022197845,199.99999999986386,80.79400472125587,86.28109521682565
45,7,7,8,1.0,204.759578521037,31.969863791657374,-189.39330371440184,19.56765422253958,86.94016220299554
45,8,8,3,1.0,114.72919889463662,-41.98360585611459,-112.8522051718536,43.985763126322446,55.78447315001716
46,0,0,3,1.0,-191.76324470261306,162.29861770785465,191.7632447026131,-125.944963310492,100.48998623047282
46,1,3,4,1.0,-92.22351555910733,66.91261655524688,95.0584887142586,-64.04177817325092,53.128820244845734
46,2,4,5,1.0,-195.0584887135741,24.041778173825193,215.71606115401343,36.01113555240799,151.8315368187927
46,3,2,5,1.0,265.8657787458717,81.62235071543036,-265.8657787458717,-36.29711393497588,92.70432115330743
46,4,5,6,1.0,50.14971759098876,0.28597838283453214,-49.81539852167503,-16.60444631195538,36.865956977444
46,5,6,7,1.0,-40.184601478269904,-13.395553688041769,40.34103228162791,1.1559897140957034,17.843368329436107
46,6,7,1,1.0,-259.314252325002,-41.288547474376344,259.3142523250019,88.1752725690663,109.55821112194413
46,7,7,8,1.0,218.973220042539,40.13255776054952,-201.25601122719036,23.41475775945314,93.35812423747217
46,8,8,3,1.0,101.2560112278101,-58.41475775895685,-99.5397291428335,59.032346755168675,53.8628781076923
47,0,0,3,1.0,-78.56483482795822,95.37269136015652,78.56483482795821,-86.57810244755387,49.426120266634484
47,1,3,4,1.0,-48.63757491160653,51.96395188684471,49.74866833410001,-59.4127656297142,34.46525536740004
47,2,4,5,1.0,-177.97280408815715,23.274868691174518,193.93274682034058,14.92246470919521,133.47710554195854
47,3,2,5,1.0,300.00000000000006,76.03462517381378,-300.0000000000001,-19.906804337774844,103.1618276869031
47,4,5,6,1.0,106.06725317965753,4.984339628578901,-104.62092609228793,-12.012332751657734,73.95692994507
47,5,6,7,1.0,-28.210891776238796,-31.773008985092233,28.345197705939913,19.173148163357624,17.904068513503194
47,6,7,1,1.0,-199.9999999999999,-32.130576418764235,199.9999999999999,59.33065560266552,83.44591224906496
47,7,7,8,1.0,171.6548022940595,12.957428255406064,-161.39972772406327,11.496328806556495,70.99380828302617
47,8,8,3,1.0,30.229003845037116,-47.24122669015439,-29.92725991635183,34.61415056070948,24.607381544824875
48,0,0,3,1.0,-107.07645902105583,82.44606405231661,107.07645902105583,-71.92673643709365,54.0558548972543
48,1,3,4,1.0,-60.178302678541414,44.85999281851441,61.359690768524544,-52.31466685572766,35.153092116763794
48,2,4,5,1.0,-161.35969076852453,12.314666855727648,173.76925922287668,9.321475194973367,117.70859206889104
48,3,2,5,1.0,253.76080240608187,43.839434325416576,-253.76080240608184,-4.97799999332247,85.83992909269472
48,4,5,6,1.0,79.99154318320582,-4.343475201651408,-79.20354837982715,-9.0338515631769,54.59811392663112
48,5,6,7,1.0,-10.796451620172896,-20.9661484368235,10.824260952412383,6.920269223392395,9.691046059781685
48,6,7,1,1.0,-166.2521868821156,-15.411875436768938,166.25218688211564,33.38327068992042,67.82829192016212
48,7,7,8,1.0,155.42792592970318,8.49160621337657,-147.2746696576431,4.483361030038747,63.42186447738872
48,8,8,3,1.0,47.274669657643116,-39.483361030039006,-46.898156342514554,27.06674361857858,26.512382041701766
49,0,0,3,1.0,-225.2856027841619,235.10278071038078,225.28560278416188,-174.03127460630463,130.2471007398324
49,1,3,4,1.0,-118.032101801655,108.32368618522133,124.03956882705856,-86.78826765396569,76.59795429163225
49,2,4,5,1.0,-224.03956882705828,46.78826765396559,257.45913816328454,72.2468144278458,193.00654586524476
49,3,2,5,1.0,374.9044196323972,165.8913203355978,-374.9044196323972,-67.40039347835855,136.65579388562315
49,4,5,6,1.0,117.44528146911222,-4.846420949488021,-115.54153405175221,3.1373206924971058,84.34030040559645
49,5,6,7,1.0,25.541534051752638,-33.137320692497084,-25.40310930755664,21.48102569126279,18.222893135462552
49,6,7,1,1.0,-205.30758744601303,-79.86864076173624,205.30758744601303,114.39153351324507,94.0098959917846
49,7,7,8,1.0,230.71069675356875,58.38761507047309,-209.44493295177034,24.77919595459933,102.40186763243298
49,8,8,3,1.0,109.44493295177037,-59.779195954599224,-107.25350098250686,65.70758842108312,60.549318317263776
51,0,0,3,1.0,-152.37241685159782,184.22677331590967,152.37241685159782,-151.3044234399226,95.63000150462237
51,2,4,5,1.0,-99.9999999999996,-40.00000000000005,106.40742777974562,40.39288569108703,88.57069901156859
51,3,2,5,1.0,299.99999999999955,132.93036854661017,-299.9999999999995,-69.83546557779489,109.37726905935115
51,4,5,6,1.0,193.59257222025306,29.442579886707648,-188.32955072773615,-2.4587293600374522,140.1440477069271
51,5,6,7,1.0,98.32955072773558,-27.54127063996305,-97.2565445745099,24.51311894090038,45.58844103536359
51,6,7,1,1.0,-199.99999999999847,-120.35749567281482,199.99999999999847,161.6991250801101,102.87593075286104
51,7,7,8,1.0,297.2565445744716,95.84437673192308,-258.36064572750246,77.88745452482871,137.9989071241631
51,8,8,3,1.0,158.3606457275368,-112.88745452481712,-152.3724168515905,151.30442343992095,99.45590480124626
52,0,0,3,1.0,-142.57808392400528,208.1985180576362,142.57808392400528,-171.52164148601835,100.93572841117127
52,1,3,4,1.0,-142.57808391629013,171.5216414838506,153.8718528029589,-121.00605461646992,104.54535578301471
52,2,4,5,1.0,-253.87185277499083,81.00605462543048,304.44453807565344,114.2923196519095,237.2001508712764
52,3,2,5,1.0,299.9999999986944,167.82105138500867,-299.9999999986944,-98.57700288671748,114.58325710891239
52,4,5,6,1.0,-4.444538110322631,-15.715316760905795,4.45403083247363,-1.9987968641540905,11.852161849216113
52,5,6,7,1.0,-94.45403083211087,-28.001203135822145,95.38308713012032,22.67855918223963,42.51986644421199
52,6,7,1,1.0,-199.9999999999286,-55.751271384425664,199.99999999992863,85.29868771286876,86.972056317425
52,7,7,8,1.0,104.61691286959982,33.07271220221689,-99.9999999998449,-34.99999999998833,49.52157901860159
53,0,0,3,1.0,-177.99696661132768,130.06115289467766,177.99696661132768,-102.06823049236462,88.18056349570578
53,1,3,4,1.0,-87.39006245971666,55.20457923440442,89.64425515611394,-56.117342199146776,47.49247051900582
53,2,4,5,1.0,-188.15391901478267,27.32240133250994,206.40250914832268,21.16970898431174,142.56656813762987
53,3,2,5,1.0,299.9999999999995,78.19367531069918,-299.9999999999995,-21.87072430756264,103.34099480124199
53,4,5,6,1.0,93.59749085166735,0.701015323254154,-92.47601625997409,-10.522598416842719,65.1322477446345
53,5,6,7,1.0,-21.092257379712198,-25.71609130617917,21.16757488999162,12.598049969439723,13.965023885634716
53,6,7,1,1.0,-199.99999999999952,-35.15799614774074,199.99999999999952,62.60783421328983,83.82814888079353
53,7,7,8,1.0,178.83242511000245,22.559946178303186,-167.46776407351734,7.994435140794344,74.92115750095925
53,8,8,3,1.0,91.8972807107006,-50.5697354666877,-90.6069041516046,46.863651257959845,46.87301141464294
54,0,0,3,1.0,-138.06229977726667,106.77122706653176,138.06229977726667,-89.22552198226127,69.81265621542315
54,1,3,4,1.0,-52.52882901419749,37.09638012505746,53.43037040636184,-45.770383039439565,30.918351366624808
54,2,4,5,1.0,-153.43037040636148,5.77038303944023,164.71213707571127,11.284143755417631,112.45854898135133
54,3,2,5,1.0,156.7884037833947,36.52488582426135,-156.78840378339473,-21.33771670884515,53.662184953051586
54,4,5,6,1.0,-7.923733292317033,10.053572953426354,7.981475704214963,-29.35623729179567,21.05496895239875
54,5,6,7,1.0,-97.98147570421509,-0.643762708204143,98.86455505640329,-5.798636003116769,40.83791093294654
54,6,7,1,1.0,-299.84196195234995,-17.283792423459204,299.84196195234995,77.19938435621764,123.84826012014048
54,7,7,8,1.0,200.97740689594528,23.082428426576413,-186.76311650440584,21.623380609609924,83.49185158165405
54,8,8,3,1.0,86.76311650440685,-56.623380609609036,-85.53347076306869,52.12914185720374,46.00904187380081
55,0,0,3,1.0,-186.91079989006047,139.2947684549381,186.91079989006045,-107.99568898549083,93.24263371180066
55,1,3,4,1.0,-94.88983481467476,63.51938038973872,97.65431347825393,-61.45365736889976,52.43549479533727
55,2,4,5,1.0,-199.80400295086966,33.276642275738645,221.019830388068,28.585049232814356,153.58875136717282
55,3,2,5,1.0,299.99999999999716,83.20914484241639,-299.99999999999716,-26.411820436169336,103.77527097071217
55,4,5,6,1.0,78.98016961187669,-2.1732287966288055,-78.17954993542229,-10.31825345348684,55.15364616052768
55,5,6,7,1.0,0.6720065906321864,-25.228583229460824,-0.6400844394103853,11.762731507350818,10.59081163279123
55,6,7,1,1.0,-199.99999999999852,-37.96961471034038,199.99999999999852,65.66450687478279,84.20149876396006
55,7,7,8,1.0,200.64008443938008,26.206883203000743,-186.3041749154416,19.416480886003697,83.9228089737075
55,8,8,3,1.0,93.32399053163475,-47.961348668332484,-92.02096507535882,44.47630859574858,47.01089089628692
56,0,0,3,1.0,-77.29436382020099,64.60340568872789,77.29436382020097,-58.758146914675564,40.294949966370396
56,1,3,4,1.0,-48.304458657864956,38.61862194218297,49.117981175091494,-48.388142070454755,29.653937091630844
56,2,4,5,1.0,-149.11798051630007,8.388142953208138,159.4005295114197,3.4015597266783786,107.3511797011272
56,3,2,5,1.0,246.11809370784704,34.87084179840738,-246.11809370784707,1.3381519132474864,82.85870949870221
56,4,5,6,1.0,86.71756374895557,-4.739711556671878,-85.80107602938881,-7.737675103991958,58.72284246728802
56,5,6,7,1.0,-4.19892393351436,-22.262324883706597,4.220848745658878,8.02677637539348,9.265478570574698
56,6,7,1,1.0,-139.46334214967834,-10.403961281890922,139.46334214967834,22.88762836677456,56.53157324655113
56,7,7,8,1.0,135.24249321965235,2.377184949311456,-129.16667667495665,-0.37478868344003047,54.831445234518185
56,8,8,3,1.0,29.16667692912423,-34.62521102486053,-28.989905167840025,20.13952501102044,19.218167096292476
57,0,0,3,1.0,-152.37241685159782,184.22677331590967,152.37241685159782,-151.3044234399226,95.63000150462237
57,2,4,5,1.0,-99.9999999999996,-40.00000000000005,106.40742777974562,40.39288569108703,88.57069901156859
57,3,2,5,1.0,299.99999999999955,132.93036854661017,-299.9999999999995,-69.83546557779489,109.37726905935115
57,4,5,6,1.0,193.59257222025306,29.442579886707648,-188.32955072773615,-2.4587293600374522,140.1440477069271
57,5,6,7,1.0,98.32955072773558,-27.54127063996305,-97.2565445745099,24.51311894090038,45.58844103536359
57,6,7,1,1.0,-199.99999999999847,-120.35749567281482,199.99999999999847,161.6991250801101,102.87593075286104
57,7,7,8,1.0,297.2565445744716,95.84437673192308,-258.36064572750246,77.88745452482871,137.9989071241631
57,8,8,3,1.0,158.3606457275368,-112.88745452481712,-152.3724168515905,151.30442343992095,99.45590480124626
58,0,0,3,1.0,-212.4602014749739,189.3773570904916,212.46020147497387,-142.71955963101675,113.84418867161563
58,1,3,4,1.0,-90.1988320217983,88.90067592833284,93.81780331223258,-81.09765727928182,60.03572710560013
58,2,4,5,1.0,-207.37735444643423,29.183832669603134,232.92467819823742,53.79373211040837,168.97394862552503
58,3,2,5,1.0,299.99999999837974,112.92405137680264,-299.9999999983798,-52.71147232907275,106.84976024429851
58,4,5,6,1.0,67.07532176785459,-1.0822597731660792,-66.47317985085252,-12.400308275241734,48.18295028944162
58,5,6,7,1.0,8.19220696470443,-31.596152932748662,-8.124635950732745,18.864122316315104,13.955081588610993
58,6,7,1,1.0,-199.99999999932749,-56.781167660956214,199.99999999932746,86.4524320392234,87.15413748547061
58,7,7,8,1.0,208.12463593787606,37.917045348937165,-191.95591094072688,18.08043457917603,89.2629926956075
58,8,8,3,1.0,124.56886329741761,-47.89084540346454,-122.26136943639159,53.81888370136643,61.78674337620954
59,0,0,3,1.0,-213.34469887384842,204.28457652823226,213.3446988738484,-154.02964285117432,118.1511904264303
59,1,3,4,1.0,-111.70274043221607,94.20071650450333,116.53785637828179,-79.60953048670348,68.88572948643241
59,2,4,5,1.0,-216.53785624894724,39.60953056190428,245.3134179376043,57.87963142058334,179.0720234969917
59,3,2,5,1.0,349.18197974290194,135.44391942454737,-349.18197974290194,-53.243876796801516,124.84350661094474
59,4,5,6,1.0,103.86856164451284,-4.635754583389378,-102.42220047888569,-1.476153058442108,73.49695357314562
59,5,6,7,1.0,12.422200489401249,-28.523846939268996,-12.359429134865033,15.900971833000103,13.358590800250811
59,6,7,1,1.0,-210.20091411637466,-64.85530144327574,210.20091411637463,98.53931443351773,92.86068772899459
59,7,7,8,1.0,222.56034316717972,48.954329638501534,-203.50622490020965,22.249756458403517,96.90913979822335
59,8,8,3,1.0,103.5062249548301,-57.24975641220506,-101.64195835198575,59.82892633501207,55.9928117262379
60,0,0,3,1.0,-185.89777975571852,161.02988820408905,185.8977797557185,-126.18844918212785,98.37772870980615
60,1,3,4,1.0,-100.75005899015022,79.3510532690456,104.32233122906672,-72.37147579101533,59.479521148312706
60,2,4,5,1.0,-204.3223312277161,32.371475791927736,227.7578370880742,40.321930183835875,161.51854315986833
60,3,2,5,1.0,332.30071716090526,106.66643201561172,-332.3007171609052,-35.290756329680136,116.33356940978467
60,4,5,6,1.0,104.54288007129097,-5.031173853712481,-103.12160943551089,-1.8639484588941855,72.8727474534506
60,5,6,7,1.0,13.121609435616826,-28.13605154107927,-13.061492271991861,15.092360612601418,13.125910862927778
60,6,7,1,1.0,-188.0818454566666,-47.96432510551333,188.0818454566666,73.444909700033,80.7652750642066
60,7,7,8,1.0,201.143337727971,32.87196449317982,-186.36821380358836,15.569477540387162,85.33787534066812
60,8,8,3,1.0,86.36821380405036,-50.569477539938525,-85.14772076481384,46.83739591300367,45.669151950262744
61,0,0,3,1.0,-141.07995880475198,128.32280321026337,141.07995880475198,-107.37351236861123,76.28399213474876
61,1,3,4,1.0,-68.5095306183135,75.0391500646818,70.75112066032975,-75.64834857448851,47.89047103505038
61,2,4,5,1.0,-191.17394594501556,22.063427800023,210.8735050128945,33.750737036470355,148.2970170225452
61,3,2,5,1.0,299.99999999999255,87.8004427472773,-299.9999999999925,-30.54301694776177,104.1947523452605
61,4,5,6,1.0,89.12649498695497,-3.2077200886690704,-88.10534358099368,-7.326536360734316,61.951182747926346
61,5,6,7,1.0,-9.812189150672745,-29.03691561047447,9.867903433119366,15.768107641462041,12.88642495283109
61,6,7,1,1.0,-199.99999999999758,-34.8826799137039,199.99999999999758,62.30920289183849,83.79254073246835
61,7,7,8,1.0,190.13209656684091,19.114572272258187,-177.43387317031582,17.90769102536095,78.93571884962456
61,8,8,3,1.0,73.36438037910006,-40.377778423544804,-72.57042818641493,32.33436230393181,37.066271036351736
62,0,0,3,1.0,-171.14231996612935,143.78203842764742,171.14231996612935,-115.00336871115547,89.40959076770044
62,1,3,4,1.0,-86.57406811941605,70.7040722640277,89.26907529368987,-68.78086105558222,51.98892498814354
62,2,4,5,1.0,-189.2690752932591,28.780861055858146,208.77815871530828,26.548860968223465,147.24418824839373
62,3,2,5,1.0,299.9999999999694,108.32044540473518,-299.9999999999694,-48.70472053363534,106.31886991115185
62,4,5,6,1.0,91.2218412841821,22.155859565596817,-89.99999999994833,-29.999999999992554,69.29358500099163
62,6,7,1,1.0,-199.99999999999727,-31.425055293922966,199.99999999999727,58.56901094591123,83.35977835208601
62,7,7,8,1.0,199.99999999993568,31.42505529393665,-185.72388510688077,13.90154106198711,83.90751437857203
62,8,8,3,1.0,85.72388510691566,-48.901541061947476,-84.56825184657086,44.299296447109036,44.46293803824073
63,0,0,3,1.0,-202.79562548446864,173.067649769916,202.79562548446864,-132.12644695310496,106.64218835903047
63,1,3,4,1.0,-97.52037628396653,77.73401438195651,100.94581280715501,-71.39553016009081,58.28583547514603
63,2,4,5,1.0,-185.63835371117716,15.409803747242115,204.7390394218244,38.53731039931074,146.35383907070604
63,3,2,5,1.0,299.9999999999094,99.61266383832123,-299.99999999990933,-41.05797171933085,105.3684977152459
63,4,5,6,1.0,95.26096057640854,2.5206613204720014,-94.0650448415297,-11.183864486110096,67.28798907744788
63,5,6,7,1.0,-20.20128483544872,-30.158752066663986,20.294395754504986,17.539979800463115,15.470743355993255
63,6,7,1,1.0,-199.9999999999565,-50.46925674891945,199.9999999999565,79.41052658136458,86.07534534990761
63,7,7,8,1.0,179.70560424462414,32.92927694873453,-167.6895948879277,1.9367427838844407,77.26767284507763
63,8,8,3,1.0,107.0809872892249,-52.929189291861164,-105.275249198908,54.39243257101555,55.03536121358498
64,0,0,3,1.0,-144.820369470538,144.33204621705954,144.82036947053797,-120.25255112527849,81.78477019962682
64,1,3,4,1.0,-57.495425066883094,71.68625266879299,59.390679357693315,-73.91380948082981,44.30921550767273
64,2,4,5,1.0,-188.96954125082894,18.134522478277187,208.4971615151335,37.29275349563444,147.8540518238311
64,3,2,5,1.0,299.9999999999709,91.85323722004989,-299.9999999999709,-34.16914514800773,104.5822468404564
64,4,5,6,1.0,91.50283848425701,-3.1236083474631826,-90.4215111760926,-6.805628498176922,63.70307041502786
64,5,6,7,1.0,-25.02321573678336,-25.462195862274612,25.115514702687904,12.589138332900847,15.0480604482923
64,6,7,1,1.0,-199.99999999998946,-40.17217826336487,199.99999999998943,68.06795754071513,84.50632813583596
64,7,7,8,1.0,174.88448529712358,27.583039930527043,-163.78621852181016,2.0695611351355687,74.22815629982034
64,8,8,3,1.0,88.59493910202605,-52.08650989157924,-87.3249444035021,48.566298456494145,46.57266869376737
65,0,0,3,1.0,-98.08681061486182,74.98610345920815,98.0868106148618,-66.20559509713982,49.38653764513671
65,1,3,4,1.0,-49.64851832678503,37.754488624889,50.47958564471628,-47.2848560290997,29.885771733818906
65,2,4,5,1.0,-150.4795856447163,7.2848560290996005,161.01719228930114,5.771981389056926,108.52337393631726
65,3,2,5,1.0,216.96722862529236,31.441859488706896,-216.9672286252924,-3.2767253569946746,73.07786473302642
65,4,5,6,1.0,55.95003633599142,-2.4952560320629154,-55.56250056116918,-14.42967720182595,39.180464867545815
65,5,6,7,1.0,-34.43749943883091,-15.57032279817407,34.54953553132723,2.1638967021741777,15.47702992383673
65,6,7,1,1.0,-191.67838579755667,-9.911241963177503,191.67838579755667,33.57883035699034,77.83895315853118
65,7,7,8,1.0,157.12885026622936,7.747345261004071,-148.83899022587192,5.778339328703666,63.90684178091506
65,8,8,3,1.0,48.83899022587187,-40.77833932870415,-48.43829228807662,28.451106472250615,27.297965865361274
66,0,0,3,1.0,-78.91685618170673,69.00109080881998,78.91685618170672,-62.671414872711125,41.93141203901643
66,1,3,4,1.0,-56.77830230215882,45.142330740301574,57.87723987902688,-53.231706697250374,34.06391025195639
66,2,4,5,1.0,-157.8772398790269,13.231706697250324,169.6496895309756,5.446277659723322,114.85210560536368
66,3,2,5,1.0,284.80726330043836,49.46845221770678,-284.80726330043836,-0.5009414915153059,96.35715103111568
66,4,5,6,1.0,115.15757376946269,-4.945336168207696,-113.52856620622772,-1.2954618717000628,77.99285405282322
66,5,6,7,1.0,23.528566206227786,-28.70453812830022,-23.436799987247813,15.16586434114782,15.25643762236606
66,6,7,1,1.0,-104.26908513829311,-16.683956329189947,104.26908513829311,23.834020484201154,42.783366203267
66,7,7,8,1.0,127.70588512554104,1.5180919880415686,-122.26284411848799,-2.5991489600815143,51.9717828199582
66,8,8,3,1.0,22.262844118488044,-32.40085103991777,-22.138553879547942,17.529084132408343,16.707151038966398
67,0,0,3,1.0,-170.6919210922417,128.31652168749088,170.6919210922417,-102.05042536894832,85.41743303484213
67,1,3,4,1.0,-62.53511030708616,51.6418217726997,63.97227253982661,-56.94387891932178,38.58374443603154
67,2,4,5,1.0,-196.47945182651404,33.99188764619198,216.72200418066998,23.380188403164652,150.21034790076686
67,3,2,5,1.0,299.9999999999988,83.04755512327179,-299.99999999999886,-26.26597382586779,103.76088773497474
67,4,5,6,1.0,83.27799581930951,2.8857854227091195,-82.37582077883441,-14.412678893357832,58.81957586980269
67,5,6,7,1.0,-25.777856617694496,-29.382522370811095,25.889434579674226,16.66033553923372,16.495420951245652
67,6,7,1,1.0,-199.99999999999966,-37.26990278749869,199.99999999999966,64.90262172960904,84.106932230228
67,7,7,8,1.0,174.11056542031784,20.60956724826864,-163.33108428507043,7.015895063253424,72.97475619078068
67,8,8,3,1.0,109.89398292897809,-50.34131435715172,-108.15681078514862,50.40860359624936,53.9563447552055
68,0,0,3,1.0,-142.57808392400528,208.1985180576362,142.57808392400528,-171.52164148601835,100.93572841117127
68,1,3,4,1.0,-142.57808391629013,171.5216414838506,153.8718528029589,-121.00605461646992,104.54535578301471
68,2,4,5,1.0,-253.87185277499083,81.00605462543048,304.44453807565344,114.2923196519095,237.2001508712764
68,3,2,5,1.0,299.9999999986944,167.82105138500867,-299.9999999986944,-98.57700288671748,114.58325710891239
68,4,5,6,1.0,-4.444538110322631,-15.715316760905795,4.45403083247363,-1.9987968641540905,11.852161849216113
68,5,6,7,1.0,-94.45403083211087,-28.001203135822145,95.38308713012032,22.67855918223963,42.51986644421199
68,6,7,1,1.0,-199.9999999999286,-55.751271384425664,199.99999999992863,85.29868771286876,86.972056317425
68,7,7,8,1.0,104.61691286959982,33.07271220221689,-99.9999999998449,-34.99999999998833,49.52157901860159
69,0,0,3,1.0,-162.30536473414955,153.6225409311885,162.30536473414955,-124.85542102509186,89.39164748779555
69,1,3,4,1.0,-99.89982811126309,74.21156588708305,103.24391488271755,-68.60898301169175,57.56222466382263
69,2,4,5,1.0,-190.6522451221957,21.56431850647367,210.39465116437697,34.630105709840976,148.49137416336765
69,3,2,5,1.0,299.99999999996686,91.76095665148277,-299.9999999999669,-34.08679377645559,104.57324555097121
69,4,5,6,1.0,89.6053488349942,-0.5433119332168346,-88.5630877398609,-9.665780306463724,62.76133650429748
69,5,6,7,1.0,2.0551185404724457,-25.460403552694878,-2.0212110351309027,12.20366709228766,10.796796331192182
69,6,7,1,1.0,-199.999999999979,-47.71916349915832,199.99999999997897,76.36380797989722,85.63310683998957
69,7,7,8,1.0,202.02121103464196,35.51549640703881,-187.00877595493668,14.27805237405089,86.06890197920968
69,8,8,3,1.0,63.27049947891206,-57.365998623126664,-62.405536622504755,50.643855137962184,39.19272263773202
70,0,0,3,1.0,-194.13933273630798,156.9670603949346,194.13933273630795,-121.06570698188285,99.8628968651122
70,1,3,4,1.0,-114.33819910941826,81.76112265065376,118.56608346086614,-71.34464760212381,64.4373857660968
70,2,4,5,1.0,-192.74719912058433,23.257287358537333,213.08695707788561,35.676410564626295,150.67876162495563
70,3,2,5,1.0,299.9999999999723,94.81811779928245,-299.9999999999723,-36.809699177975006,104.8758395347036
70,4,5,6,1.0,86.91304292158023,1.1332886134858455,-85.92402286225456,-11.689876713213934,61.31278122991893
70,5,6,7,1.0,7.992344005639742,-31.199446967667868,-7.9284879923065334,18.237530133423615,13.663243276362422
70,6,7,1,1.0,-199.99999999998576,-46.96355378949183,199.9999999999858,75.5289419605371,85.51455649062042
70,7,7,8,1.0,207.9284879920096,28.726023656183287,-192.31013102887508,23.73169353725355,87.5421503124572
70,8,8,3,1.0,80.81901055565321,-44.941546227076216,-79.80113362651699,39.304584331183264,41.77853280727179
71,0,0,3,1.0,-112.49656007721165,85.47193066604086,112.49656007721164,-73.9744367365128,56.51325785829155
71,1,3,4,1.0,-60.1149586319889,44.265754038541814,61.28676191887553,-51.73453869039457,35.003869461841184
71,2,4,5,1.0,-161.2867619188756,11.734538690394448,173.69742332267333,9.936397417773094,117.67220777464085
71,3,2,5,1.0,243.83109248661225,42.19697725983154,-243.83109248661222,-6.313743939725754,82.48514112188826
71,4,5,6,1.0,70.13366916393858,-3.6226534780470487,-69.52599075921319,-11.278794839080854,48.25329372991716
71,5,6,7,1.0,-20.474009240786888,-18.721205160919194,20.523851335898403,4.88006172079736,11.403606234903497
71,6,7,1,1.0,-182.21897983259282,-15.149935564547334,182.21897983259282,36.74621095896721,74.35486871060579
71,7,7,8,1.0,161.69512849669468,10.269873843749785,-152.8402390766834,6.351615541616567,66.06220495785531
71,8,8,3,1.0,52.84023907668342,-41.35161554161671,-52.381601445222685,29.708682697970893,28.976483344692983
72,0,0,3,1.0,-178.0028381217984,162.88484147897543,178.0028381217984,-129.35214786826086,96.51236767423784
72,1,3,4,1.0,-77.38127902599575,86.22183163406893,80.36526748825726,-82.19399470944244,54.85645073503763
72,2,4,5,1.0,-203.67447004429062,25.517638432167665,227.50631731288536,49.35861843149178,163.25664412384185
72,3,2,5,1.0,299.9999999997261,99.35830583557859,-299.99999999972607,-40.83327109370428,105.34181028039158
72,4,5,6,1.0,72.49368268120557,-8.525347336358742,-71.81217528921027,-4.743797294378673,50.793268871020956
72,5,6,7,1.0,5.609013312966396,-24.250328971147216,-5.577228972896853,10.862582399537557,10.469536081442149
72,6,7,1,1.0,-199.99999999990035,-42.878023350873875,199.99999999990035,71.03143919738096,84.89566806796287
72,7,7,8,1.0,205.57722897106342,32.01544095200421,-190.28057362993027,18.844085940721314,86.75804161872401
72,8,8,3,1.0,102.14497337552267,-44.339288947328285,-100.62155909405458,43.130316234147756,50.52417812102239
73,0,0,3,1.0,-144.34915691556006,203.44132034400582,144.34915691556006,-167.59969158689165,99.77979749471905
73,1,3,4,1.0,-139.74547049916765,170.74437439610358,150.7379579509335,-121.92909999210525,103.19141199098634
73,2,4,5,1.0,-250.73795786531474,81.92910001403554,299.9999998964725,107.80577326890675,233.9980067503054
73,3,2,5,1.0,299.99999999460135,179.4073545970772,-299.99999999460135,-107.80577325323185,116.51752318393991
73,5,6,7,1.0,-89.99999999987186,-29.999999999993904,90.84363748134926,23.751638171099675,40.64236436448314
73,6,7,1,1.0,-199.99999999991027,-44.91070387812858,199.99999999991024,73.26560987178392,85.19891979582653
73,7,7,8,1.0,109.15636251809762,21.159065707067743,-104.60819387358424,-24.392536485957343,48.623709607418014
73,8,8,3,1.0,4.608193874628146,-10.607463513865952,-4.603686396425007,-3.14468281478089,5.235259614847295
74,0,0,3,1.0,-171.14231996612935,143.78203842764742,171.14231996612935,-115.00336871115547,89.40959076770044
74,1,3,4,1.0,-86.57406811941605,70.7040722640277,89.26907529368987,-68.78086105558222,51.98892498814354
74,2,4,5,1.0,-189.2690752932591,28.780861055858146,208.77815871530828,26.548860968223465,147.24418824839373
74,3,2,5,1.0,299.9999999999694,108.32044540473518,-299.9999999999694,-48.70472053363534,106.31886991115185
74,4,5,6,1.0,91.2218412841821,22.155859565596817,-89.99999999994833,-29.999999999992554,69.29358500099163
74,6,7,1,1.0,-199.99999999999727,-31.425055293922966,199.99999999999727,58.56901094591123,83.35977835208601
74,7,7,8,1.0,199.99999999993568,31.42505529393665,-185.72388510688077,13.90154106198711,83.90751437857203
74,8,8,3,1.0,85.72388510691566,-48.901541061947476,-84.56825184657086,44.299296447109036,44.46293803824073
75,0,0,3,1.0,-89.7119163098805,102.08836404329986,89.7119163098805,-91.44949313070755,54.36213682485721
75,1,3,4,1.0,-67.624359938117,58.31700717967975,69.31606936112013,-62.50124607738695,41.73980971196459
75,2,4,5,1.0,-176.9892095112849,17.636756331976514,192.7579728748189,19.73073045904249,132.57283246721047
75,3,2,5,1.0,299.99999999999943,68.34920422939524,-299.99999999999943,-12.871638590183593,102.56250870067774
75,4,5,6,1.0,107.24202712517837,-6.85909186885862,-105.80383554220793,-0.662053730291646,73.40903248273966
75,5,6,7,1.0,-17.28918150730308,-18.68761619994664,17.328958062285245,4.971792705814934,10.542226157729779
75,6,7,1,1.0,-199.99999999999997,-24.150471622362105,199.99999999999997,50.760889031932194,82.5364577435321
75,7,7,8,1.0,182.6710419377133,19.17867891654813,-171.08587543980013,11.90139398507427,75.52092517478647
75,8,8,3,1.0,22.33120633097407,-46.141397532775194,-22.087556371763327,33.13248595102718,22.573229839045645
76,0,0,3,1.0,-171.14231996612935,143.78203842764742,171.14231996612935,-115.00336871115547,89.40959076770044
76,1,3,4,1.0,-86.57406811941605,70.7040722640277,89.26907529368987,-68.78086105558222,51.98892498814354
76,2,4,5,1.0,-189.2690752932591,28.780861055858146,208.77815871530828,26.548860968223465,147.24418824839373
76,3,2,5,1.0,299.9999999999694,108.32044540473518,-299.9999999999694,-48.70472053363534,106.31886991115185
76,4,5,6,1.0,91.2218412841821,22.155859565596817,-89.99999999994833,-29.999999999992554,69.29358500099163
76,6,7,1,1.0,-199.99999999999727,-31.425055293922966,199.99999999999727,58.56901094591123,83.35977835208601
76,7,7,8,1.0,199.99999999993568,31.42505529393665,-185.72388510688077,13.90154106198711,83.90751437857203
76,8,8,3,1.0,85.72388510691566,-48.901541061947476,-84.56825184657086,44.299296447109036,44.46293803824073
77,0,0,3,1.0,-50.37259701590692,51.726101814456115,50.37259701590691,-48.72342064636537,28.88041035455382
77,1,3,4,1.0,-37.93474002666947,33.84537108951866,38.502001564008125,-45.186114064669184,25.28470915207059
77,2,4,5,1.0,-138.50200134155648,5.18611437525699,147.17881254506017,-0.8081296501379427,98.79522079574728
77,3,2,5,1.0,241.0816375135185,28.885133381099777,-241.08163751351847,5.662324848613281,80.93530123681253
77,4,5,6,1.0,93.90282484222517,-4.854195176715642,-92.83544900429706,-6.468211669584136,63.24430986010384
77,5,6,7,1.0,2.8354490166646653,-23.531788325826398,-2.811089167169034,9.226957417800328,9.664787042763527
77,6,7,1,1.0,-114.20339334993902,-7.431077877371301,114.20339334993902,15.737377950749828,46.11304391151032
77,7,7,8,1.0,117.0144824781568,-1.795879532257441,-112.5112533716919,-4.484121822119026,47.324870825875
77,8,8,3,1.0,12.51125344620049,-30.515878097638907,-12.437857028442785,14.878049575925706,13.861602181042182
78,0,0,3,1.0,-139.2795818225867,120.29856606977683,139.27958182258666,-100.78913104897222,73.61581016180553
78,1,3,4,1.0,-84.8925079434264,61.433264551097686,87.20592233844701,-62.03045173091848,48.231508977231805
78,2,4,5,1.0,-194.71190089553644,29.62727778391114,214.42949305385986,25.31092902164471,148.0977191377342
78,3,2,5,1.0,299.99999999999943,75.20173252521114,-299.9999999999994,-19.147726388382424,103.09397038882709
78,4,5,6,1.0,85.57050694612414,-6.163202633257946,-84.64642332903782,-5.546369945733382,58.84463406215907
78,5,6,7,1.0,2.8509032364319173,-20.117549991195467,-2.8340764759361785,6.340480288353659,8.451091181742552
78,6,7,1,1.0,-199.9999999999997,-31.593488437563202,199.99999999999972,58.75077166994703,83.38024050990846
78,7,7,8,1.0,202.83407647592594,25.25300814921377,-188.34663716836968,20.839800759216462,84.32928418083704
78,8,8,3,1.0,54.979550221760675,-49.108784373503376,-54.38707387915623,39.35586649787425,32.806129693768234
79,0,0,3,1.0,-123.33086087861962,95.31872702809187,123.3308608786196,-81.32413831091708,62.34890339669757
79,1,3,4,1.0,-70.08250034255899,51.74565631094936,71.6673161083107,-56.75879470561461,40.33447224938732
79,2,4,5,1.0,-171.6673161083105,16.758794705614903,186.1196977055477,14.312809839693614,126.90658640748656
79,3,2,5,1.0,275.92182804633524,55.989682839857934,-275.92182804633524,-9.538810770571516,93.84840007926361
79,4,5,6,1.0,89.80213034078756,-4.7739990691223255,-88.80069846593702,-6.596858533865834,61.28551596701729
79,5,6,7,1.0,-1.199301534063121,-23.403141466134322,1.2238365859549392,9.452115847639702,9.677012086704021
79,6,7,1,1.0,-163.98952996842047,-21.315863406122553,163.98952996842047,39.07815604298726,67.43253602703456
79,7,7,8,1.0,162.76569338246517,11.86374755848275,-153.72042892142335,5.9385652603105115,66.79649476919462
79,8,8,3,1.0,53.72042892142343,-40.93856526031048,-53.24836053606062,29.57848199996773,29.32707669458271
80,0,0,3,1.0,-152.37241685159782,184.22677331590967,152.37241685159782,-151.3044234399226,95.63000150462237
80,2,4,5,1.0,-99.9999999999996,-40.00000000000005,106.40742777974562,40.39288569108703,88.57069901156859
80,3,2,5,1.0,299.99999999999955,132.93036854661017,-299.9999999999995,-69.83546557779489,109.37726905935115
80,4,5,6,1.0,193.59257222025306,29.442579886707648,-188.32955072773615,-2.4587293600374522,140.1440477069271
80,5,6,7,1.0,98.32955072773558,-27.54127063996305,-97.2565445745099,24.51311894090038,45.58844103536359
80,6,7,1,1.0,-199.99999999999847,-120.35749567281482,199.99999999999847,161.6991250801101,102.87593075286104
80,7,7,8,1.0,297.2565445744716,95.84437673192308,-258.36064572750246,77.88745452482871,137.9989071241631
80,8,8,3,1.0,158.3606457275368,-112.88745452481712,-152.3724168515905,151.30442343992095,99.45590480124626
81,0,0,3,1.0,-69.5461626559773,58.20824347447001,69.5461626559773,-53.470719305702424,36.27642396610721
81,1,3,4,1.0,-27.925193340070514,26.68114396130947,28.27780920445762,-39.15056738902424,20.543033731637962
81,2,4,5,1.0,-128.27780898278638,-0.8494323039823435,135.63404260889803,-0.6489561677674303,90.94372425228539
81,3,2,5,1.0,162.18528427634485,15.631717783073846,-162.18528427634485,-0.07434539959784559,54.31228328088504
81,4,5,6,1.0,26.551241538266822,0.7233015924641935,-26.451833756587092,-20.298494579177493,22.651321905347878
81,5,6,7,1.0,-63.54816622826309,-9.701505416548214,63.905177680892194,-1.747231586065169,26.203016366690935
81,6,7,1,1.0,-213.23858567938237,-1.7694455814734624,213.2385856793824,30.78079025085502,86.17948848398663
81,7,7,8,1.0,149.33340784754256,3.516677195936282,-141.93720681922883,5.139084664208006,60.36713038629635
81,8,8,3,1.0,41.93720703474469,-40.13908440642986,-41.62096934326757,26.789575365126833,24.658152573671615
82,0,0,3,1.0,-120.01827588177166,137.21036262907887,120.01827588177164,-118.06926621781952,72.91756458734586
82,1,3,4,1.0,-50.26973269656756,77.4758522300774,52.186875372043986,-79.56634593480644,44.70205883450477
82,2,4,5,1.0,-199.41981984189607,24.834588803718923,221.582482649212,42.24050993366299,157.34742227589985
82,3,2,5,1.0,299.99999999994026,93.04457162889305,-299.99999999994026,-35.231398335486006,104.69919468520095
82,4,5,6,1.0,78.41751734949128,-7.009111597842917,-77.62536486989453,-5.430536014333679,54.57814043325469
82,5,6,7,1.0,-3.266631652997395,-24.80869785451676,3.2981294247784323,11.352003464929105,10.50587320506744
82,6,7,1,1.0,-199.99999999998036,-38.59731546216156,199.9999999999804,66.3486555177934,84.2872650774817
82,7,7,8,1.0,196.70187057487203,27.2453119973621,-182.86044421820324,15.990955651284175,82.53958828776018
82,8,8,3,1.0,70.59013312967453,-47.90941520709397,-69.74854318518337,40.59341398781221,38.36211997022303
83,1,3,4,1.0,0.0,0.0,0.0,0.0,
83,2,4,5,1.0,0.0,0.0,0.0,0.0,
83,3,2,5,1.0,0.0,0.0,0.0,0.0,
83,4,5,6,1.0,0.0,0.0,0.0,0.0,
83,5,6,7,1.0,0.0,0.0,0.0,0.0,
83,6,7,1,1.0,0.0,0.0,0.0,0.0,
83,7,7,8,1.0,0.0,0.0,0.0,0.0,
83,8,8,3,1.0,0.0,0.0,0.0,0.0,
85,0,0,3,1.0,94.76243914387047,17.999019631760348,-94.76243914387045,-12.639982113565004,38.582658446924334
85,1,3,4,1.0,70.28402576456924,3.5587430031172778,-69.40699269722546,-14.015960338846302,29.17991375100338
85,2,4,5,1.0,-30.59300729585589,-25.984039653193605,31.01486361919388,-6.946901007066467,27.5684143028711
85,4,5,6,1.0,-31.01486361815316,6.946901007177365,31.165315385133535,-26.303007019144836,27.549390877444225
85,5,6,7,1.0,-121.16531538396136,-3.696992979597148,122.4477393702558,-0.12572538967442437,49.13389351602136
85,6,7,1,1.0,-199.9999999995399,10.418071666419303,199.9999999995399,14.717302707836993,80.21630657048189
85,7,7,8,1.0,77.55226062685124,-10.292346276395289,-75.61456771367459,-9.72197454201586,31.335028716390035
85,8,8,3,1.0,-24.385432282880064,-25.278025454906313,24.47841337252209,9.081239112109703,14.42936324555352
86,0,0,3,1.0,-224.10647141729453,168.93436191065211,224.1064714172945,-123.56714511145668,112.25865074212776
86,1,3,4,1.0,-123.95828559565454,79.81533158243143,128.6253395060773,-66.96344124126705,67.48650286347578
86,2,4,5,1.0,-189.80870982768528,20.71369264462016,209.4363104608066,35.07016832790252,148.0974585886583
86,3,2,5,1.0,299.99999999997226,93.33183830734878,-299.9999999999722,-35.48729073084667,104.72760011987212
86,4,5,6,1.0,90.56368953867187,0.41712240307433035,-89.49491047462826,-10.34536543178659,63.59649844716654
86,5,6,7,1.0,-0.8292208072618195,-29.065627868918988,0.8771953516054998,15.939004141317106,12.31572638459547
86,6,7,1,1.0,-199.99999999998514,-46.07014627830931,199.99999999998514,74.54306402467208,85.37603260323581
86,7,7,8,1.0,199.12280464808174,30.131142137104163,-184.72188421549137,16.306134135872014,84.21143547484594
86,8,8,3,1.0,101.66802102109277,-44.978185474348194,-100.14818582109307,43.751813528973486,50.48545954604372
87,0,0,3,1.0,-148.3412563405042,118.69793436971167,148.3412563405042,-97.90760146687391,75.99402919315715
87,1,3,4,1.0,-84.52383469760423,63.5629217090469,86.8762598824777,-63.959126294388746,48.66089965194599
87,2,4,5,1.0,-186.87625988247004,23.95912629439451,204.91282771731537,23.69577270824678,141.63787995376725
87,3,2,5,1.0,308.5442591200624,77.84395899766224,-308.5442591200624,-18.506043309672748,106.07085775732708
87,4,5,6,1.0,103.63143140273958,-5.189729398571529,-102.27420819073598,-2.8004108288113585,71.2138114366734
87,5,6,7,1.0,12.274208190736427,-27.19958917118858,-12.222146435721044,13.70953954531377,12.436306153659961
87,6,7,1,1.0,-162.9772443936888,-31.931602477085328,162.97724439368884,50.10143762872615,68.20174337082588
87,7,7,8,1.0,175.19939082940743,18.22206293177269,-164.48473854042996,8.602940383709605,72.69415953247734
87,8,8,3,1.0,64.48473854043219,-43.602940383707164,-63.81742164289731,34.34467975782555,34.35571787851464
88,0,0,3,1.0,-146.52266037462553,113.91216935173588,146.52266037462553,-94.07192288984227,74.23731927237243
88,1,3,4,1.0,-78.18129033546036,56.85864810823519,80.1482653371335,-59.48344895132387,44.65043451724174
88,2,4,5,1.0,-180.14826533713094,19.483448951325805,196.5363791466193,20.583280981040915,135.10017795606274
88,3,2,5,1.0,276.6522024772497,63.768532078175895,-276.6522024772498,-16.535252122289634,94.63548008538221
88,4,5,6,1.0,80.11582333062742,-4.048028858750698,-79.30993626419301,-8.791261397648906,55.19442573341594
88,5,6,7,1.0,-10.690063735806593,-21.20873860235136,10.719200795273048,7.446231469192642,9.856902999473089
88,6,7,1,1.0,-191.1508685267404,-26.561088696142896,191.1508685267404,51.02496466995367,79.13755271232162
88,7,7,8,1.0,180.43166773146626,19.11485722695057,-169.101634722939,10.739265595366287,74.71018531033724
88,8,8,3,1.0,69.10163472294003,-45.73926559536528,-68.34137003916403,37.213274781606444,36.53803316607677
89,0,0,3,1.0,-158.04438473375865,118.43323509051902,158.04438473375865,-95.96666686786902,78.9981860246201
89,1,3,4,1.0,-78.09955866470726,66.11549719055643,80.31727666044821,-67.2007933770416,47.42739701300573
89,2,4,5,1.0,-187.22898269356602,24.72433018365264,205.50271806024335,24.19236840302267,142.54925657242856
89,3,2,5,1.0,299.99999999999943,81.98757980761204,-299.99999999999943,-25.308509347384387,103.66718287262013
89,4,5,6,1.0,94.49728193974472,1.11614094436446,-93.34823438580713,-10.608039491242657,65.9259006084318
89,5,6,7,1.0,-17.202331659037725,-32.20772398483396,17.29135631125475,19.213962909855724,15.373473176217257
89,6,7,1,1.0,-199.9999999999998,-32.189460439546984,199.99999999999983,59.394259206205646,83.45315143399041
89,7,7,8,1.0,182.7086436887419,12.975497529693541,-171.12285311957118,18.113401508269124,75.45897383328966
89,8,8,3,1.0,80.83498128556484,-37.347468474931716,-79.94482606904843,29.851169677312257,38.97526019155275
90,1,3,4,1.0,0.0,0.0,0.0,0.0,
90,2,4,5,1.0,0.0,0.0,0.0,0.0,
90,3,2,5,1.0,0.0,0.0,0.0,0.0,
90,4,5,6,1.0,0.0,0.0,0.0,0.0,
90,5,6,7,1.0,0.0,0.0,0.0,0.0,
90,6,7,1,1.0,0.0,0.0,0.0,0.0,
90,7,7,8,1.0,0.0,0.0,0.0,0.0,
90,8,8,3,1.0,0.0,0.0,0.0,0.0,
91,0,0,3,1.0,-178.7798710645338,154.41352959764458,178.7798710645338,-122.26940007534786,94.49298845578191
91,1,3,4,1.0,-100.18857950258337,79.78564345811891,103.729068158898,-73.06413687212567,59.241896768821846
91,2,4,5,1.0,-203.729068158079,33.06413687266477,226.91975318373366,38.47920990807265,160.6161057701117
91,3,2,5,1.0,343.2289207935155,109.1532432415153,-343.22892079351544,-33.137017010090744,120.055784524075
91,4,5,6,1.0,116.30916760887625,-5.342192897717382,-114.5505868211616,1.3005176923586035,81.07484793489029
91,5,6,7,1.0,24.550586821230887,-31.300517692337607,-24.43581883072815,18.689523343667076,16.813709656818297
91,6,7,1,1.0,-168.69261617522787,-47.55467707263115,168.69261617522784,68.25187534798053,72.7906776894499
91,7,7,8,1.0,193.128435005629,28.86515372910158,-179.62203389701665,12.976083879982674,81.61181833813585
91,8,8,3,1.0,79.62203389723838,-47.97608387975831,-78.59129156156959,42.483756617192604,42.1264171038266
93,0,0,3,1.0,-241.2658305379499,159.39458597399198,241.2658305379499,-111.23186500075141,115.66561115421375
93,1,3,4,1.0,-127.14475420594415,62.25383676092211,131.35711451627364,-52.305612549929734,63.94522705540585
93,2,4,5,1.0,-194.11706223933575,29.997342810413237,213.86952251821174,25.309244850764344,148.23507413184046
93,3,2,5,1.0,299.99999999999784,81.1057586445655,-299.9999999999978,-24.510966210574338,103.59008108099673
93,4,5,6,1.0,86.13047748174382,-0.7982786401773794,-85.1791523804975,-10.432049301370988,60.04900306349009
93,5,6,7,1.0,-4.649008509914951,-23.970345936360133,4.678762071739646,10.505905994489185,10.251407007334388
93,6,7,1,1.0,-199.99999999999835,-39.33444450432037,199.99999999999835,67.15288852784033,84.38910871683038
93,7,7,8,1.0,195.3212379282248,28.8285385098428,-181.6055547748521,13.884515728970023,82.22199809610802
93,8,8,3,1.0,116.04086311345483,-46.99710253570778,-114.12107633194965,48.97802823982522,56.51791574741404
96,0,0,3,1.0,-118.9476048886608,89.05536516077564,118.94760488866082,-76.33763607571883,59.43654198914038
96,1,3,4,1.0,-55.575692080548926,40.27363186388822,56.57859493210721,-48.641707016607924,32.53415951284248
96,2,4,5,1.0,-156.57859493210714,8.641707016607931,168.2010349000239,9.526906903927731,113.96318641128967
96,3,2,5,1.0,209.06897578194588,35.592907921593735,-209.06897578194588,-9.23656656850116,70.69236303938202
96,4,5,6,1.0,40.867940881922046,-0.29034033542773763,-40.65188442370192,-17.940141527695214,30.457619698681544
96,5,6,7,1.0,-49.348115576297936,-12.059858472304345,49.56919683295167,-0.2884989545641439,20.892660979072595
96,6,7,1,1.0,-223.97462198916537,-13.326408435626874,223.9746219891654,46.001912994596864,91.45998669962849
96,7,7,8,1.0,174.40542515621345,13.61490739019122,-164.03003558372245,10.8886058143631,71.43280667982408
96,8,8,3,1.0,64.0300355837225,-45.888605814362876,-63.37191280811188,36.06400421183062,34.2303858304341
97,0,0,3,1.0,0.5051903688941851,31.774594515172794,-0.5051903688941851,-31.192903592599208,12.711444128264644
97,1,3,4,1.0,-10.674459075885972,22.003865021051602,10.849292384838776,-35.889919127736505,15.689302954762038
97,2,4,5,1.0,-110.84929236216158,-4.110080837637295,116.15770669579794,-7.006993053451016,77.57937964273474
97,3,2,5,1.0,197.64659246752643,11.48759124799411,-197.6465924675264,11.481346948295268,65.99338373125386
97,4,5,6,1.0,81.48888576417028,-4.474353893669484,-80.69442143639343,-9.439303769789309,54.84091147351534
97,5,6,7,1.0,-9.305578562449028,-20.56069622977304,9.328524190454997,6.065648097237925,9.140362898111713
97,6,7,1,1.0,-100.9140301204268,0.23415583205144763,100.9140301204268,6.154292159908504,40.440606893835415
97,7,7,8,1.0,91.5855059280312,-6.299803929025055,-88.86571684321113,-9.516007262141063,37.03492056741883
97,8,8,3,1.0,-11.134283148405041,-25.483992729183054,11.17964943377537,9.189038574947826,11.524050941054384
98,0,0,3,1.0,-100.107141196945,76.0249136898833,100.107141196945,-66.92340681106003,50.28117296989656
98,1,3,4,1.0,-48.07662308416868,36.5345371999897,48.85994985436628,-46.31896396436475,29.082307851605165
98,2,4,5,1.0,-148.85994985436633,6.318963964364475,159.1520160609785,5.649459553582588,107.26695629137024
98,3,2,5,1.0,205.64566297775622,29.54154445391832,-205.6456629777562,-4.24811930545205,69.2522294468905
98,4,5,6,1.0,46.49364691677719,-1.4013402481310635,-46.221722167720664,-16.50415739974023,33.505398798689775
98,5,6,7,1.0,-43.77827783227927,-13.49584260026014,43.952739435423574,0.6320110465594073,18.764420906569747
98,6,7,1,1.0,-205.1859682226458,-9.318096319394556,205.1859682226458,36.46233600856067,83.36021449364465
98,7,7,8,1.0,161.233228787222,8.686085272835413,-152.48675120567282,7.207292098850761,65.61642790636314
98,8,8,3,1.0,52.48675120567286,-42.20729209885094,-52.03051811277629,30.38886961107034,28.949928204209723
99,0,0,3,1.0,-235.29203458897325,243.87387471249372,235.29203458897325,-177.72787312691082,135.5503202848609
99,1,3,4,1.0,-111.55847078123293,91.31625603331696,116.47827509622661,-75.73996124802476,69.39358770061843
99,2,4,5,1.0,-216.4782750962265,35.73996124802469,246.32925301306625,67.10136604188821,182.6422982118578
99,3,2,5,1.0,291.6097230908417,130.0983912439256,-291.60972309084167,-70.34876354877585,106.43820429681408
99,4,5,6,1.0,45.28047007777556,3.2473975068872996,-44.98304087619487,-18.82462561030424,35.27734757071801
99,5,6,7,1.0,-45.016959123805194,-11.175374389696248,45.222156825124706,0.14200130728045934,20.133439393582268
99,6,7,1,1.0,-298.67152346058316,-73.73207930153389,298.6715234605831,142.1063959945498,132.3020221818694
99,7,7,8,1.0,253.44936663545786,73.59007799425449,-226.8997319773449,36.85462399734469,114.32475227310132
99,8,8,3,1.0,126.89973197734486,-71.85462399734462,-123.73356380774013,86.41161709359366,72.52721365897766
